Monoisotopic ion mass (singly charged),Name,Ion type,Formula for M or subunit or sequence,Compound ID or species,Possible origin and other comments ,ESI,MALDI,References ,
33.033491,Methanol [M+H]+,[M+H]+,CH3OH,Methanol,"Acetonitrile, solvent",X,,A,
42.033825,ACN [M+H]+,[M+H]+,CH3CN,ACN,"Acetonitrile, solvent",X,,A,
59.060374,ACN [M+NH4]+,[M+NH4]+,CH3CN,ACN,"Acetonitrile, solvent",X,,"A, F",
63.044056,PEG [A1B+H]+,[A1B+H]+,[C2H4O]nH2O,PEG,"Polyethylene glycol, ubiquitous polyether",X,,"D, K",
64.015769,ACN [M+Na]+,[M+Na]+,CH3CN,ACN,"Acetonitrile, solvent",X,,"A, F",
65.059706,Methanol [M2+H]+,[M2+H]+,CH3OH,Methanol,"Methanol, solvent",X,,A,
74.06004,Dimethyl formamide [M+H]+,[M+H]+,C3H7NO,Dimethyl formamide,solvent,X,,"A, C, F",
74.06004,Acetonitrile/Methanol [A1B1+H]+,[A1B1+H]+,(CH3CN)n(CH3OH)m,Acetonitrile/Methanol,ESI solvents,X,,K,
77.059706,PPG [A1B+H]+,[A1B+H]+,[C3H6O]nH2O,PPG,"Polypropylene glycol, ubiquitous polyether",X,,"D, K",
79.021212,DMSO [M+H]+,[M+H]+,C2H6OS,DMSO,"Dimethylsulfoxide, solvent",X,,A,
83.060374,Acetonitrile [M2+H]+,[M2+H]+,CH3CN,Acetonitrile,ESI solvents,X,,"A, C",
85.026,PEG [A1B+Na]+,[A1B+Na]+,[C2H4O]nH2O,PEG,"Polyethylene glycol, ubiquitous polyether",X,,"D, K",
85.058868,d6-DMSO [M+H]+,[M+H]+,C2D6OS,d6-DMSO,"d6-Dimethylsulfoxide, solvent",X,,A,
88.039305,Acetonitrile/Formic Acid [A1B1+H]+,[A1B1+H]+,(CH3CN)n(HCOOH)m,Acetonitrile/Formic Acid,ESI solvents,X,,"A, C",
96.041984,Acetonitrile/Methanol [A1B1+Na]+,[A1B1+Na]+,(CH3CN)n(CH3OH)m,Acetonitrile/Methanol,ESI solvents,X,,C,
99.04165,PPG [A1B+Na]+,[A1B+Na]+,[C3H6O]nH2O,PPG,"Polypropylene glycol, ubiquitous polyether",X,,"D, K",
100.07569,NMP [M+H]+,[M+H]+,C5H10NO,NMP,"N-methyl 2-pyrrolidone; solvent, floor stripper",X,,K,
100.999937,PEG [A1B+K]+,[A1B+K]+,[C2H4O]nH2O,PEG,"Polyethylene glycol, ubiquitous polyether",X,,"D, K",
101.003156,DMSO [M+Na]+,[M+Na]+,C2H6OS,DMSO,"Dimethylsulfoxide, solvent",X,,"A, C",
101.080836,Methanol/Water [A2B2+H]+,[A2B2+H]+,[MeOH]n[H2O]m,Methanol/Water,ESI solvents,X,,K,
102.054955,Acetonitrile/Acetic Acid [A1B1+H]+,[A1B1+H]+,(CH3CN)n(CH3COOH)m,Acetonitrile/Acetic Acid,ESI solvents,X,,K,
102.127725,TEA [M+H]+,[M+H]+,C6H15N,TEA,"Triethylamine, buffer",X,,"A, C",
103.9556011,ACN [M+63Cu]+,[M+63Cu]+,C2H3N,ACN,"Acetonitrile, solvent",X,,"A,C",
104.992294,Sodium acetate [M+Na]+,[M+Na]+,C2H3O2Na,Sodium acetate,ESI solvents,X,,K,
105.042318,ACN [M2+Na]+,[M2+Na]+,C2H3N,ACN,"Acetonitrile, solvent",X,,"A,C",
105.9537937,ACN [M+65Cu]+,[M+65Cu]+,C2H3N,ACN,"Acetonitrile, solvent",X,,"A, C",
107.070271,PEG [A2B+H]+,[A2B+H]+,[C2H4O]nH2O,PEG,"Polyethylene glycol, ubiquitous polyether",X,,"D, K",
115.015587,PPG [A1B+K]+,[A1B+K]+,[C3H6O]nH2O,PPG,"Polypropylene glycol, ubiquitous polyether",X,,"D, K",
115.086589,Acetonitrile/Dimethylformamide [A1B1+H]+,[A1B1+H]+,(CH3CN)n(C3H7NO)m,Acetonitrile/Dimethylformamide,solvent,X,,A,
120.047761,DMSO [M+CH3CN+H]+,[M+CH3CN+H]+,C2H6OS,DMSO,"Dimethylsulfoxide, solvent",X,,A,
122.08117,TRIS [M+H]+,[M+H]+,C4H11NO3,TRIS,"TRIS, buffer",X,,A,
123.06278,Methanol/Water [A2B2+Na]+,[A2B2+Na]+,[MeOH]n[H2O]m,Methanol/Water,ESI solvents,X,,K,
123.091674,DMAP [M+H]+,[M+H]+,C7H10N2,DMAP,"Dimethylaminopyridine, solvent",X,,"A, C",
124.036899,Acetonitrile/Acetic Acid [A1B1+Na]+,[A1B1+Na]+,(CH3CN)n(CH3COOH)m,Acetonitrile/Acetic Acid,ESI solvents,X,,K,
129.052215,PEG [A2B+Na]+,[A2B+Na]+,[C2H4O]nH2O,PEG,"Polyethylene glycol, ubiquitous polyether",X,,"D, K",
130.159025,DIPEA [M+H]+,[M+H]+,C8H19N,DIPEA,"Diisopropylethylamine, solvent",X,,A,
132.904901,Cs-133 M+,M+,Cs,Cs-133,"Cesium, from Cesium Iodide used as calibrant",X,,V,
133.107051,Methanol/Water [A3B2+H]+,[A3B2+H]+,[MeOH]n[H2O]m,Methanol/Water,ESI solvents,X,,K,
135.101571,PPG [A2B+H]+,[A2B+H]+,[C3H6O]nH2O,PPG,"Polypropylene glycol, ubiquitous polyether",X,,"D, K",
137.07431,DMSO [M+CH3CN+NH4]+,[M+CH3CN+NH4]+,C2H6OS,DMSO,"Dimethylsulfoxide, solvent",X,,"A, F",
142.029705,DMSO [M+CH3CN+Na]+,[M+CH3CN+Na]+,C2H6OS,DMSO,"Dimethylsulfoxide, solvent",X,,A,
144.174675,TPA [M+H]+,[M+H]+,C9H21N,TPA,"Tripropylamine, solvent",X,,"A, C",
144.98215,ACN [M2+63Cu]+,[M2+63Cu]+,CH3CN,ACN,"Acetonitrile, solvent, together with m/z 147",X,,"A, C",
145.026152,PEG [A2B+K]+,[A2B+K]+,[C2H4O]nH2O,PEG,"Polyethylene glycol, ubiquitous polyether",X,,"D, K",
146.068867,ACN [M3+Na]+,[M3+Na]+,CH3CN,ACN,"Acetonitrile, solvent",X,,"A, C",
146.980343,ACN [M2+65Cu]+,[M2+65Cu]+,CH3CN,ACN,"Acetonitrile, solvent, together with m/z 145",X,,"A, C",
147.112804,Acetonitrile/Methanol [A2B2+H]+,[A2B2+H]+,(CH3CN)n(CH3OH)m,Acetonitrile/Methanol,ESI solvents,X,,K,
149.023321,Pthalic Anhydride [f+H]+,[f+H]+,C8H4O3,Pthalic Anhydride,fragment ion originating from phthalate esters,X,,"A, Z",
150.127725,Phenyldiethylamine [M+H]+,[M+H]+,C10H15N,Phenyldiethylamine,solvent,X,,"A, C",
151.096486,PEG [A3B+H]+,[A3B+H]+,[C2H4O]nH2O,PEG,"Polyethylene glycol, ubiquitous polyether",X,,"D, K",
153.138624,DBU [M+H]+,[M+H]+,C9H16N2,DBU,"1,8-Diazabicyclo[5.4.0]undec-7-ene",X,,"A, C",
155.088995,Methanol/Water [A3B2+Na]+,[A3B2+Na]+,[MeOH]n[H2O]m,Methanol/Water,ESI solvents,X,,K,
157.035148,DMSO [M2+H]+,[M2+H]+,C2H6OS,DMSO,"Dimethylsulfoxide, solvent",X,,"A, C",
157.083515,PPG [A2B+Na]+,[A2B+Na]+,[C3H6O]nH2O,PPG,"Polypropylene glycol, ubiquitous polyether",X,,"D, K",
158.964029,NaTFA [M+Na]+,[M+Na]+,C2F3O2Na,NaTFA,"Sodium trifluoroacetate, salt",X,,"A, C",
163.038971,Dimethyl phthalate [M-CH3OH+H]+,[M-CH3OH+H]+,C10H10O4,Dimethyl phthalate,"Phthalate esters, plasticizer",X,,A,
163.132871,DGBE [M+H]+,[M+H]+,C8H18O3,DGBE,"Diethylene glycol monobutyl ether, cpd. In scintillation cocktail",X,,Q,
169.094748,Acetonitrile/Methanol [A2B2+Na]+,[A2B2+Na]+,(CH3CN)n(CH3OH)m,Acetonitrile/Methanol,ESI solvents,X,,K,
169.11046,d6-DMSO [M2+H]+,[M2+H]+,C2D6OS,d6-DMSO,"d6-Dimethylsulfoxide, solvent",X,,A,
171.005265,Phthalic anhydride [f+Na]+,[f+Na]+,C8H4O3,Phthalic anhydride,"from phthalate esters, plasticizer",X,,A,
172.039305,4-HCCA [M-H2O+H]+,[M-H2O+H]+,C10H7NO3,4-HCCA,matrix compound,,X,"H, I, J",
173.057452,PPG [A2B+K]+,[A2B+K]+,[C3H6O]nH2O,PPG,"Polypropylene glycol, ubiquitous polyether",X,,"D, K",
173.07843,PEG [A3B+Na]+,[A3B+Na]+,[C2H4O]nH2O,PEG,"Polyethylene glycol, ubiquitous polyether",X,,"D, K",
179.017092,DMSO [M2+Na]+,[M2+Na]+,C2H6OS,DMSO,"Dimethylsulfoxide, solvent",X,,"A, C",
181.122306,BHA [M+H]+,[M+H]+,C11H16O2,BHA,"Butylated hydroxyanisole, antioxidant additives",X,,K,
183.080441,DPK [M+H]+,[M+H]+,C13H10O,DPK,Diphenyl ketone,X,,K,
183.143831,Methanol/Water [A4B3+H]+,[A4B3+H]+,[MeOH]n[H2O]m,Methanol/Water,ESI solvents,X,,K,
185.114815,GE [M+Na]+,[M+Na]+,C8H18O3,GE,glycol ether,X,,K,
186.221625,TBA [M+H]+,[M+H]+,C12H27N,TBA,"Tributylamine, solvent",X,,A,
189.052367,PEG [A3B+K]+,[A3B+K]+,[C2H4O]nH2O,PEG,"Polyethylene glycol, ubiquitous polyether",X,,"D, K",
190.04987,4-HCCA [M+H]+,[M+H]+,C10H7NO3,4-HCCA,matrix compound,,X,"H, I, J",
193.143436,PPG [A3B+H]+,[A3B+H]+,[C3H6O]nH2O,PPG,"Polypropylene glycol, ubiquitous polyether",X,,"D, K",
195.065186,Dimethyl phthalate [M+H]+,[M+H]+,C10H10O4,Dimethyl phthalate,"Phthalate esters, plasticizer",X,,A,
195.122701,PEG [A4B+H]+,[A4B+H]+,[C2H4O]nH2O,PEG,"Polyethylene glycol, ubiquitous polyether",X,,"D, K",
203.10425,BHA [M+Na]+,[M+Na]+,C11H16O2,BHA,"Butylated hydroxyanisole, antioxidant additives",X,,K,
205.125775,Methanol/Water [A4B3+Na]+,[A4B3+Na]+,[MeOH]n[H2O]m,Methanol/Water,ESI solvents,X,,K,
212.031814,4-HCCA [M+Na]+,[M+Na]+,C10H7NO3,4-HCCA,"matrix compound, sodiated",,X,"H, I, J",
214.089626,n-BBS [M+H]+,[M+H]+,C10H15NO2S,n-BBS,"n-butyl benzenesulfonamide, plasticizer",X,,"A, K",
215.12538,PPG [A3B+Na]+,[A3B+Na]+,[C3H6O]nH2O,PPG,"Polypropylene glycol, ubiquitous polyether",X,,"D, K",
217.104645,PEG [A4B+Na]+,[A4B+Na]+,[C2H4O]nH2O,PEG,"Polyethylene glycol, ubiquitous polyether",X,,"D, K",
221.189991,BTH [M+H]+,[M+H]+,C15H24O,BTH,"Butylated hydroxytoluene, Antioxidant",X,,K,
225.196139,DCU [M+H]+,[M+H]+,C13H24N2O,DCU,"N,N'-Dicyclohexylurea",X,,A,
228.005751,4-HCCA [M+K]+,[M+K]+,C10H7NO3,4-HCCA,"matrix compound, potassiated",,X,"H, I, J",
231.099317,PPG [A3B+K]+,[A3B+K]+,[C3H6O]nH2O,PPG,"Polypropylene glycol, ubiquitous polyether",X,,"D, K",
231.116175,n-BBS [M+NH4]+,[M+NH4]+,C10H15NO2S,n-BBS,"n-butyl benzenesulfonamide, plasticizer",X,,A,
233.078582,PEG [A4B+K]+,[A4B+K]+,[C2H4O]nH2O,PEG,"Polyethylene glycol, ubiquitous polyether",X,,"D, K",
236.07157,n-BBS [M+Na]+,[M+Na]+,C10H15NO2S,n-BBS,"n-butyl benzenesulfonamide, plasticizer",X,,A,
239.148916,PEG [A5B+H]+,[A5B+H]+,[C2H4O]nH2O,PEG,"Polyethylene glycol, ubiquitous polyether",X,,"D, K",
239.22485168,TEA.HCl [(M.H35Cl)2-Cl]+,[(M.H35Cl)2-Cl]+,C6H15N,TEA.HCl,"Triethylamine-hydrochloride, buffer",X,,A,
241.22190159,TEA.HCl [(M.H37Cl)2-Cl]+,[(M.H37Cl)2-Cl]+,C6H15N,TEA.HCl,"Triethylamine-hydrochloride, buffer",X,,A,
242.284225,TBA M+,M+,C16H36N,TBA,"Tetrabutylammonium, buffer",X,,"A, C",
243.116826,Trityl cation M+,M+,C19H15,Trityl cation,"Trityl cation, [Ph3C]+",X,,A,
243.171935,BTH [M+Na]+,[M+Na]+,C15H24O,BTH,"Butylated hytroxytoluene, Antioxidant additives",X,,K,
251.185301,PPG [A4B+H]+,[A4B+H]+,[C3H6O]nH2O,PPG,"Polypropylene glycol, ubiquitous polyether",X,,"D, K",
251.200556,Triton [AB1+H]+,[AB1+H]+,[C14H22O][C2H4O]n,Triton,"X-100, X-114, X-405, or X-45 Detergents",X,,"D, K",
257.031028,DMSO [M3+Na]+,[M3+Na]+,C2H6OS,DMSO,"Dimethylsulfoxide, solvent",X,,A,
261.13086,PEG [A5B+Na]+,[A5B+Na]+,[C2H4O]nH2O,PEG,"Polyethylene glycol, ubiquitous polyether",X,,"D, K",
265.216206,Triton [AB1+H]+,[AB1+H]+,[C15H24O][C2H4O]n,Triton,101 Detergents,X,,"D, K",
267.171973,TBP [M+H]+,[M+H]+,C12H27O4P,TBP,Tributylphosphate,X,,A,
273.127391,MMT M+,M+,C20H17O,MMT,Monomethoxytrityl cation,X,,A,
273.167245,PPG [A4B+Na]+,[A4B+Na]+,[C3H6O]nH2O,PPG,"Polypropylene glycol, ubiquitous polyether",X,,"D, K",
273.1825,Triton [AB1+Na]+,[AB1+Na]+,[C14H22O][C2H4O]n,Triton,"X-100, X-114, X-405, or X-45 Detergents",X,,"D, K",
277.104797,PEG [A5B+K]+,[A5B+K]+,[C2H4O]nH2O,PEG,"Polyethylene glycol, ubiquitous polyether",X,,"D, K",
279.093328,TPO [M+H]+,[M+H]+,C18H15OP,TPO,Triphenylphosphine oxide,X,,A,
279.159086,Dibutylphthalate [M+H]+,[M+H]+,C16H22O4,Dibutylphthalate,"Plasticiser, phtalate ester",X,,"A, C",
279.22945,"Triton, reduced [AB1+Na]+",[AB1+Na]+,[C14H28O][C2H4O]n,"Triton, reduced","X-100R, X-114R, X-405R, or X-45R Detergents",X,,"D, K",
282.27914,Oleamide [M+H]+,[M+H]+,C18H35NO,Oleamide,Slip agent in polyethylene films,X,,A,
283.175131,PEG [A6B+H]+,[A6B+H]+,[C2H4O]nH2O,PEG,"Polyethylene glycol, ubiquitous polyether",X,,"D, K",
284.29479,Stearamide [M+H]+,[M+H]+,C18H37NO,Stearamide,Slip agent in polyethylene films,X,,A,
287.19815,Triton [AB1+Na]+,[AB1+Na]+,[C15H24O][C2H4O]n,Triton,101 Detergents,X,,"D, K",
288.25332,"n,n-DDA [M+H]+",[M+H]+,C16H33NO3,"n,n-DDA","n,n-bis(2-hydroxyethyl) dodecanamide, anti-static agent",X,,A,
289.141182,PPG [A4B+K]+,[A4B+K]+,[C3H6O]nH2O,PPG,"Polypropylene glycol, ubiquitous polyether",X,,"D, K",
293.2451,"Triton, reduced [AB1+Na]+",[AB1+Na]+,[C15H30O][C2H4O]n,"Triton, reduced",101R Detergents,X,,"D, K",
295.226771,Triton [AB2+H]+,[AB2+H]+,[C14H22O][C2H4O]n,Triton,"X-100, X-114, X-405, or X-45 Detergents",X,,"D, K",
301.14103,Dibutylphthalate [M+Na]+,[M+Na]+,C16H22O4,Dibutylphthalate,"Dibutylphthalate, plasticizer",X,,A,
304.261084,Oleamide [M+Na]+,[M+Na]+,C18H35NO,Oleamide,Slip agent in polyethylene films,X,,A,
305.157075,PEG [A6B+Na]+,[A6B+Na]+,[C2H4O]nH2O,PEG,"Polyethylene glycol, ubiquitous polyether",X,,"D, K",
306.276734,Stearamide [M+Na]+,[M+Na]+,C18H37NO,Stearamide,Slip agent in polyethylene films,X,,A,
309.227166,PPG [A5B+H]+,[A5B+H]+,[C3H6O]nH2O,PPG,"Polypropylene glycol, ubiquitous polyether",X,,"D, K",
309.242421,Triton [AB2+H]+,[AB2+H]+,[C15H24O][C2H4O]n,Triton,101 Detergents,X,,"D, K",
315.252986,DBS [M+H]+,[M+H]+,C18H34O4,DBS,"Dibutyl sebacate, plasticizer",,,X,
317.114967,Dibutylphthalate [M+K]+,[M+K]+,C16H22O4,Dibutylphthalate,"Dibutylphthalate, plasticizer",X,,A,
317.208715,Triton [AB2+Na]+,[AB2+Na]+,[C14H22O][C2H4O]n,Triton,"X-100, X-114, X-405, or X-45 Detergents",X,,"D, K",
321.131012,PEG [A6B+K]+,[A6B+K]+,[C2H4O]nH2O,PEG,"Polyethylene glycol, ubiquitous polyether",X,,"D, K",
323.255665,"Triton, reduced [AB2+Na]+",[AB2+Na]+,[C14H28O][C2H4O]n,"Triton, reduced","X-100R, X-114R, X-405R, or X-45R Detergents",X,,"D, K",
325.258466,DGBE [M2+H]+,[M2+H]+,C8H18O3,DGBE,"Diethylene glycol monobutyl ether, cpd. In scintillation cocktail",X,,Q,
327.078073,TPP [M+H]+,[M+H]+,C18H15O4P,TPP,"Triphenyl phosphate, flame retardant in plastics",X,,X,
327.201346,PEG [A7B+H]+,[A7B+H]+,[C2H4O]nH2O,PEG,"Polyethylene glycol, ubiquitous polyether",X,,"D, K",
331.20911,PPG [A5B+Na]+,[A5B+Na]+,[C3H6O]nH2O,PPG,"Polypropylene glycol, ubiquitous polyether",X,,"D, K",
331.224365,Triton [AB2+Na]+,[AB2+Na]+,[C15H24O][C2H4O]n,Triton,101 Detergents,X,,"D, K",
337.118405,C13H28O2Sn [M+H]+,[M+H]+,  (120Sn),C13H28O2Sn,Tributyl tin formate,"Tributyl tin formate, catalyst",X,,A
337.271315,"Triton, reduced [AB2+Na]+",[AB2+Na]+,[C15H30O][C2H4O]n,"Triton, reduced",101R Detergents,X,,"D, K",
338.34174,Erucamide [M+H]+,[M+H]+,C22H43NO,Erucamide,"Erucamide, (Cis-13-docosenoic amide)",X,,A,
339.252986,Triton [AB3+H]+,[AB3+H]+,[C14H22O][C2H4O]n,Triton,"X-100, X-114, X-405, or X-45 Detergents",X,,"D, K",
347.183047,PPG [A5B+K]+,[A5B+K]+,[C3H6O]nH2O,PPG,"Polypropylene glycol, ubiquitous polyether",X,,"D, K",
349.18329,PEG [A7B+Na]+,[A7B+Na]+,[C2H4O]nH2O,PEG,"Polyethylene glycol, ubiquitous polyether",X,,"D, K",
353.268636,Triton [AB3+H]+,[AB3+H]+,[C15H24O][C2H4O]n,Triton,101 Detergents,X,,"D, K",
355.069936,Polysiloxane [M+H-CH4]+,[M+H-CH4]+,[C2H6SiO]5,Polysiloxane,"Polysiloxane, (neutral methane loss from m/z 371)",X,,"A, C, L",
355.368289, [M-Cl]+,[M-Cl]+,C22H47N2OCl,,"Palmitamidopropyl-trimonium chloride, personal care products additive",X,,O,
360.323684,Erucamide [M+Na]+,[M+Na]+,C22H43NO,Erucamide,"Erucamide, (Cis-13-docosenoic amide)",X,,A,
361.23493,Triton [AB3+Na]+,[AB3+Na]+,[C14H22O][C2H4O]n,Triton,"X-100, X-114, X-405, or X-45 Detergents",X,,"D, K",
365.157227,PEG [A7B+K]+,[A7B+K]+,[C2H4O]nH2O,PEG,"Polyethylene glycol, ubiquitous polyether",X,,"D, K",
367.269031,PPG [A6B+H]+,[A6B+H]+,[C3H6O]nH2O,PPG,"Polypropylene glycol, ubiquitous polyether",X,,"D, K",
367.28188,"Triton, reduced [AB3+Na]+",[AB3+Na]+,[C14H28O][C2H4O]n,"Triton, reduced","X-100R, X-114R, X-405R, or X-45R Detergents",X,,"D, K",
368.425075,BTAC-228 [M-Cl]+,[M-Cl]+,C25H54NCl,BTAC-228,"Behentrimonium chloride, personal care product additive",X,,O,
371.101236,Polysiloxane [M+H]+,[M+H]+,[C2H6SiO]5,Polysiloxane,"Polysiloxane, followed by m/z 388",X,,"A, C., E, L",
371.227561,PEG [A8B+H]+,[A8B+H]+,[C2H4O]nH2O,PEG,"Polyethylene glycol, ubiquitous polyether",X,,"D, K",
371.315586,DEHA [M+H]+,[M+H]+,C22H42O4,DEHA,"Bis(2-ethylhexyl) adipate, plasticizer",X,,"N, X",
371.315586,DOA [M+H]+,[M+H]+,C22H42O4,DOA,"Dioctyl adipate, plasticizer",X,,X,
375.25058,Triton [AB3+Na]+,[AB3+Na]+,[C15H24O][C2H4O]n,Triton,101 Detergents,X,,"D, K",
379.092464,4-HCCA [M2+H]+,[M2+H]+,C10H7NO3,4-HCCA,"matrix cluster, dimer",,X,"H, I, J",
381.29753,"Triton, reduced [AB3+Na]+",[AB3+Na]+,[C15H30O][C2H4O]n,"Triton, reduced",101R Detergents,X,,"D, K",
383.279201,Triton [AB4+H]+,[AB4+H]+,[C14H22O][C2H4O]n,Triton,"X-100, X-114, X-405, or X-45 Detergents",X,,"D, K",
388.127785,Polysiloxane [M+NH4]+,[M+NH4]+,[C2H6SiO]5,Polysiloxane,"Polysiloxane, (see m/z 371)",X,,"A, C, L",
389.250975,PPG [A6B+Na]+,[A6B+Na]+,[C3H6O]nH2O,PPG,"Polypropylene glycol, ubiquitous polyether",X,,"D, K",
391.284286,Diisooctyl phthalate [M+H]+,[M+H]+,C24H38O4,Diisooctyl phthalate,"Diisooctyl phthalate, plasticiser",X,,"A, C, E",
393.209505,PEG [A8B+Na]+,[A8B+Na]+,[C2H4O]nH2O,PEG,"Polyethylene glycol, ubiquitous polyether",X,,"D, K",
397.294851,Triton [AB4+H]+,[AB4+H]+,[C15H24O][C2H4O]n,Triton,101 Detergents,X,,"D, K",
405.224912,PPG [A6B+K]+,[A6B+K]+,[C3H6O]nH2O,PPG,"Polypropylene glycol, ubiquitous polyether",X,X,"D, K",
405.261145,Triton [AB4+Na]+,[AB4+Na]+,[C14H22O][C2H4O]n,Triton,"X-100, X-114, X-405, or X-45 Detergents",X,X,"D, K",
409.183442,PEG [A8B+K]+,[A8B+K]+,[C2H4O]nH2O,PEG,"Polyethylene glycol, ubiquitous polyether",X,X,"D, K",
411.308095,"Triton, reduced [AB4+Na]+",[AB4+Na]+,[C14H28O][C2H4O]n,"Triton, reduced","X-100R, X-114R, X-405R, or X-45R Detergents",X,X,"D, K",
413.26623,Diisooctyl phthalate [M+Na]+,[M+Na]+,C24H38O4,Diisooctyl phthalate,"Diisooctyl phthalate, plasticiser",X,X,"A, C, E",
415.253776,PEG [A9B+H]+,[A9B+H]+,[C2H4O]nH2O,PEG,"Polyethylene glycol, ubiquitous polyether",X,X,"D, K",
419.276795,Triton [AB4+Na]+,[AB4+Na]+,[C15H24O][C2H4O]n,Triton,101 Detergents,X,X,"D, K",
425.310896,PPG [A7B+H]+,[A7B+H]+,[C3H6O]nH2O,PPG,"Polypropylene glycol, ubiquitous polyether",X,X,"D, K",
425.323745,"Triton, reduced [AB4+Na]+",[AB4+Na]+,[C15H30O][C2H4O]n,"Triton, reduced",101R Detergents,X,X,"D, K",
427.305416,Triton [AB5+H]+,[AB5+H]+,[C14H22O][C2H4O]n,Triton,"X-100, X-114, X-405, or X-45 Detergents",X,X,"D, K",
429.088728,Polysiloxane [M+H-CH4]+,[M+H-CH4]+,[C2H6SiO]6,Polysiloxane,"Polysiloxane, (neutral methane loss from m/z 445)",X,X,L,
429.240167,Diisooctyl phthalate [M+K]+,[M+K]+,C24H38O4,Diisooctyl phthalate,"Diisooctyl phthalate, plasticiser",X,X,"A, C",
437.23572,PEG [A9B+Na]+,[A9B+Na]+,[C2H4O]nH2O,PEG,"Polyethylene glycol, ubiquitous polyether",X,X,"D, K",
441.0147891,4-HCCA [M3+63Cu(I)]+,[M3+63Cu(I)]+,C10H7NO3,4-HCCA,"matrix-copper adduct, together with m/z 443",,X,K,
441.321066,Triton [AB5+H]+,[AB5+H]+,[C15H24O][C2H4O]n,Triton,101 Detergents,X,X,"D, K",
443.0129817,4-HCCA [M3+65Cu(I)]+,[M3+65Cu(I)]+,C10H7NO3,4-HCCA,"matrix-copper adduct, together with m/z 443",,X,K,
445.120028,Polysiloxane [M+H]+,[M+H]+,[C2H6SiO]6,Polysiloxane,"Polysiloxane, followed by m/z 462",X,X,"A, C, E, L",
447.29284,PPG [M+H]+,[M+H]+,[C3H6O]nH2O,PPG,"Polypropylene glycol, ubiquitous polyether",X,X,"D, K",
449.28736,Triton [AB5+Na]+,[AB5+Na]+,[C14H22O][C2H4O]n,Triton,"X-100, X-114, X-405, or X-45 Detergents",X,X,"D, K",
449.385002,DCU [M2+H]+,[M2+H]+,C13H24N2O,DCU,"N,N'-Dicyclohexylurea",X,X,"A, C",
453.209657,PEG [A9B+K]+,[A9B+K]+,[C2H4O]nH2O,PEG,"Polyethylene glycol, ubiquitous polyether",X,X,"D, K",
453.343532,nylon  [M+H]+,[M+H]+,C24H44N4O4,nylon ,"Cyclic oligomer of polyamide 66, (adipic acid/hexylmethylene diamine condensation) ",X,X,M,
454.292779,Diisooctyl phthalate [M+CH3CN+Na]+,[M+CH3CN+Na]+,C24H38O4,Diisooctyl phthalate,"Diisooctyl phthalate, plasticiser",X,X,A,
455.33431,"Triton, reduced [AB5+Na]+",[AB5+Na]+,[C14H28O][C2H4O]n,"Triton, reduced","X-100R, X-114R, X-405R, or X-45R Detergents",X,X,"D, K",
459.279991,PEG [A10B+H]+,[A10B+H]+,[C2H4O]nH2O,PEG,"Polyethylene glycol, ubiquitous polyether",X,X,"D, K",
462.146577,Polysiloxane [M+NH4]+,[M+NH4]+,[C2H6SiO]6,Polysiloxane,Polysiloxane (see m/z 445),X,X,"A, L",
463.266777,PPG [A7B+K]+,[A7B+K]+,[C3H6O]nH2O,PPG,"Polypropylene glycol, ubiquitous polyether",X,X,"D, K",
463.30301,Triton [AB5+Na]+,[AB5+Na]+,[C15H24O][C2H4O]n,Triton,101 Detergents,X,X,"D, K",
469.34996,"Triton, reduced [AB5+Na]+",[AB5+Na]+,[C15H30O][C2H4O]n,"Triton, reduced",101R Detergents,X,X,"D, K",
471.331631,Triton [AB6+H]+,[AB6+H]+,[C14H22O][C2H4O]n,Triton,"X-100, X-114, X-405, or X-45 Detergents",X,X,"D, K",
472.28781,Peptide [M+H]+,[M+H]+,SLPR,Peptide,porcine trypsin,X,X,G,
481.261935,PEG [A10B+Na]+,[A10B+Na]+,[C2H4O]nH2O,PEG,"Polyethylene glycol, ubiquitous polyether",X,X,"D, K",
483.352761,PPG [A8B+H]+,[A8B+H]+,[C3H6O]nH2O,PPG,"Polypropylene glycol, ubiquitous polyether",X,X,"D, K",
485.347281,Triton [AB6+H]+,[AB6+H]+,[C15H24O][C2H4O]n,Triton,101 Detergents,X,X,"D, K",
493.313575,Triton [AB6+Na]+,[AB6+Na]+,[C14H22O][C2H4O]n,Triton,"X-100, X-114, X-405, or X-45 Detergents",X,X,"D, K",
494.565925,DPDMA [M-Cl]+,[M-Cl]+,C34H72NCl,DPDMA,"Dipalmityldimethylammonium chloride, catalyst, personal care products additive",X,X,"O, K",
497.235872,PEG [A10B+K]+,[A10B+K]+,[C2H4O]nH2O,PEG,"Polyethylene glycol, ubiquitous polyether",X,X,"D, K",
499.360525,"Triton, reduced [AB6+Na]+",[AB6+Na]+,[C14H28O][C2H4O]n,"Triton, reduced","X-100R, X-114R, X-405R, or X-45R Detergents",X,X,"D, K",
503.10752,Polysiloxane [M+H-CH4]+,[M+H-CH4]+,[C2H6SiO]7,Polysiloxane,"Polysiloxane, (neutral methane loss from m/z 519)",X,X,"A, L",
503.306206,PEG [A11B+H]+,[A11B+H]+,[C2H4O]nH2O,PEG,"Polyethylene glycol, ubiquitous polyether",X,X,"D, K",
505.334705,PPG [A8B+Na]+,[A8B+Na]+,[C3H6O]nH2O,PPG,"Polypropylene glycol, ubiquitous polyether",X,X,"D, K",
507.329225,Triton [AB6+Na]+,[AB6+Na]+,[C15H24O][C2H4O]n,Triton,101 Detergents,X,X,"D, K",
513.376175,"Triton, reduced [AB6+Na]+",[AB6+Na]+,[C15H30O][C2H4O]n,"Triton, reduced",101R Detergents,X,X,"D, K",
515.330008,Peptide [M+H]+,[M+H]+,IQVR,Peptide,trypsin-like artefact,X,X,E,
515.357846,Triton [AB7+H]+,[AB7+H]+,[C14H22O][C2H4O]n,Triton,"X-100, X-114, X-405, or X-45 Detergents",X,X,"D, K",
515.412857,DDTDP [M+H]+,[M+H]+,C30H58O4S,DDTDP,"Didodecyl 3,3′-thiodipropionate, antioxidant",X,X,W,
519.13882,Polysiloxane [M+H]+,[M+H]+,[C2H6SiO]7,Polysiloxane,"Polysiloxane, followed by m/z 536",X,X,"A, L",
521.308642,PPG [A8B+K]+,[A8B+K]+,[C3H6O]nH2O,PPG,"Polypropylene glycol, ubiquitous polyether",X,X,"D, K",
522.597225,SPDMA [M-Cl]+,[M-Cl]+,C36H76NCl,SPDMA,"Stearyl-palmityldimethylammonium chloride, catalyst, personal care product additive",X,X,"O, K",
525.28815,PEG [A11B+Na]+,[A11B+Na]+,[C2H4O]nH2O,PEG,"Polyethylene glycol, ubiquitous polyether",X,X,"D, K",
529.373496,Triton [AB7+H]+,[AB7+H]+,[C15H24O][C2H4O]n,Triton,101 Detergents,X,X,"D, K",
531.407772,DDTDP [M+H]+,[M+H]+,C30H58O5S,DDTDP,"Didodecyl 3,3′-thiodipropionate oxidized to sulfoxide, antioxidant",X,X,W,
531.477171,Irganox [M+H]+,[M+H]+,C35H62O3,Irganox,"Irganox 1076, antioxidant in synthetic polymers, antioxidant",X,X,W,
536.165369,Polysiloxane [M+NH4]+,[M+NH4]+,[C2H6SiO]7,Polysiloxane,Polysiloxane (see m/z 519),X,X,"A, L",
537.33979,Triton [AB7+Na]+,[AB7+Na]+,[C14H22O][C2H4O]n,Triton,"X-100, X-114, X-405, or X-45 Detergents",X,X,"D, K",
537.8790085,Acetic acid-Fe-O- complex [M6-6H+3Fe+O]+,[M6-6H+3Fe+O]+,C2H4O2,Acetic acid-Fe-O- complex,during ESI with metal tips and acetic acid,X,,"A, B, E, Y",
541.262087,PEG [A11B+K]+,[A11B+K]+,[C2H4O]nH2O,PEG,"Polyethylene glycol, ubiquitous polyether",X,X,"D, K",
541.394626,PPG [A9B+H]+,[A9B+H]+,[C3H6O]nH2O,PPG,"Polypropylene glycol, ubiquitous polyether",X,X,"D, K",
543.38674,"Triton, reduced [AB7+Na]+",[AB7+Na]+,[C14H28O][C2H4O]n,"Triton, reduced","X-100R, X-114R, X-405R, or X-45R Detergents",X,X,"D, K",
547.332421,PEG [A12B+H]+,[A12B+H]+,[C2H4O]nH2O,PEG,"Polyethylene glycol, ubiquitous polyether",X,X,"D, K",
547.402687,DDTDP [M+H]+,[M+H]+,C30H58O6S,DDTDP,"Didodecyl 3,3′-thiodipropionate oxidized to sulfone, antioxidant",X,X,W,
550.628525,DSDMA [M-Cl]+,[M-Cl]+,C38H80NCl,DSDMA,"Distearyldimethylammonium chloride, catalyst, personal care products additive",x,X,"A, K, O",
551.35544,Triton [AB7+Na]+,[AB7+Na]+,[C15H24O][C2H4O]n,Triton,101 Detergents,X,X,"D, K",
553.389716,DDTDP [M+Na]+,[M+Na]+,C30H58O5S,DDTDP,"Didodecyl 3,3′-thiodipropionate oxidized to sulfoxide, antioxidant",X,X,"A, W",
553.459115,Irganox [M+Na]+,[M+Na]+,C35H62O3,Irganox,"Irganox 1076, antioxidant in synthetic polymers, antioxidant",X,X,"A, W",
555.8895735,Acetic acid-Fe-O- complex [M6-6H+H2O+3Fe+O]+,[M6-6H+H2O+3Fe+O]+,C2H4O2,Acetic acid-Fe-O- complex,during ESI with metal tips and acetic acid,X,,"A, B, E, Y",
557.40239,"Triton, reduced [AB7+Na]+",[AB7+Na]+,[C15H30O][C2H4O]n,"Triton, reduced",101R Detergents,X,X,"D, K",
559.384061,Triton [AB8+H]+,[AB8+H]+,[C14H22O][C2H4O]n,Triton,"X-100, X-114, X-405, or X-45 Detergents",X,X,"D, K",
563.37657,PPG [A9B+Na]+,[A9B+Na]+,[C3H6O]nH2O,PPG,"Polypropylene glycol, ubiquitous polyether",X,X,"D, K",
568.135058,4-HCCA [M3+H]+,[M3+H]+,C10H7NO3,4-HCCA,"matrix cluster, trimer",,X,"H, I, J",
569.314365,PEG [A12B+Na]+,[A12B+Na]+,[C2H4O]nH2O,PEG,"Polyethylene glycol, ubiquitous polyether",X,X,"D, K",
571.35622,Peptide [M+H]+,[M+H]+,VSLPR,Peptide,porcine trypsin,X,X,G,
573.399711,Triton [AB8+H]+,[AB8+H]+,[C15H24O][C2H4O]n,Triton,101 Detergents,X,X,"D, K",
577.126312,Polysiloxane [M+H-CH4]+,[M+H-CH4]+,[C2H6SiO]8,Polysiloxane,"Polysiloxane, (neutral methane loss from m/z 593)",X,X,L,
579.350507,PPG [A9B+K]+,[A9B+K]+,[C3H6O]nH2O,PPG,"Polypropylene glycol, ubiquitous polyether",X,X,"D, K",
581.366005,Triton [AB8+Na]+,[AB8+Na]+,[C14H22O][C2H4O]n,Triton,"X-100, X-114, X-405, or X-45 Detergents",X,X,"D, K",
585.288302,PEG [A12B+K]+,[A12B+K]+,[C2H4O]nH2O,PEG,"Polyethylene glycol, ubiquitous polyether",X,X,"D, K",
587.412955,"Triton, reduced [AB8+Na]+",[AB8+Na]+,[C14H28O][C2H4O]n,"Triton, reduced","X-100R, X-114R, X-405R, or X-45R Detergents",X,X,"D, K",
591.358636,PEG [A13B+H]+,[A13B+H]+,[C2H4O]nH2O,PEG,"Polyethylene glycol, ubiquitous polyether",X,X,"D, K",
593.157612,Polysiloxane [M+H]+,[M+H]+,[C2H6SiO]8,Polysiloxane,"Polysiloxane, followed by m/z 610",X,X,"A, L",
595.381655,Triton [AB8+Na]+,[AB8+Na]+,[C15H24O][C2H4O]n,Triton,101 Detergents,X,X,"D, K",
597.9001385,Acetic acid-Fe-O- complex [M7-6H+3Fe+O]+,[M7-6H+3Fe+O]+,C2H4O2,Acetic acid-Fe-O- complex,during ESI with metal tips and acetic acid,X,,"B, E, Y",
599.436491,PPG [A10B+H]+,[A10B+H]+,[C3H6O]nH2O,PPG,"Polypropylene glycol, ubiquitous polyether",X,X,"D, K",
601.428605,"Triton, reduced [AB8+Na]+",[AB8+Na]+,[C15H30O][C2H4O]n,"Triton, reduced",101R Detergents,X,X,"D, K",
603.410276,Triton [AB9+H]+,[AB9+H]+,[C14H22O][C2H4O]n,Triton,"X-100, X-114, X-405, or X-45 Detergents",X,X,"D, K",
606.091488,4-HCCA [M3+K]+,[M3+K]+,C10H7NO3,4-HCCA,"matrix cluster, trimer, potassiated",,X,"H, I, J",
610.184161,Polysiloxane [M+NH4]+,[M+NH4]+,[C2H6SiO]8,Polysiloxane,Polysiloxane (see m/z 593),X,X,L,
613.34058,PEG [A13B+Na]+,[A13B+Na]+,[C2H4O]nH2O,PEG,"Polyethylene glycol, ubiquitous polyether",X,X,"D, K",
615.40375,CHAPS [M+H]+,[M+H]+,C32H58N2O7S,CHAPS,3-[(3-Cholamidopropyl)dimethylammonio]-1-propanesulfonate,X,X,E,
617.425926,Triton [AB9+H]+,[AB9+H]+,[C15H24O][C2H4O]n,Triton,101 Detergents,X,X,"D, K",
621.418435,PPG [A10B+Na]+,[A10B+Na]+,[C3H6O]nH2O,PPG,"Polypropylene glycol, ubiquitous polyether",X,X,"D, K",
621.9729085,Propionic acid Fe-O complex [M6-6H+3Fe+O]+,[M6-6H+3Fe+O]+,C3H6O2,Propionic acid Fe-O complex,during ESI with metal tips and acetic acid,X,,Y,
625.39222,Triton [AB9+Na]+,[AB9+Na]+,[C14H22O][C2H4O]n,Triton,"X-100, X-114, X-405, or X-45 Detergents",X,X,"D, K",
629.314517,PEG [A13B+K]+,[A13B+K]+,[C2H4O]nH2O,PEG,"Polyethylene glycol, ubiquitous polyether",X,X,"D, K",
631.43917,"Triton, reduced [AB9+Na]+",[AB9+Na]+,[C14H28O][C2H4O]n,"Triton, reduced","X-100R, X-114R, X-405R, or X-45R Detergents",X,X,"D, K",
633.320233,Peptide [M+H]+,[M+H]+,QTIASN,Peptide,Bovine trypsin,X,X,K,
635.384851,PEG [A14B+H]+,[A14B+H]+,[C2H4O]nH2O,PEG,"Polyethylene glycol, ubiquitous polyether",X,X,"D, K",
637.392372,PPG [A10B+K]+,[A10B+K]+,[C3H6O]nH2O,PPG,"Polypropylene glycol, ubiquitous polyether",X,X,"D, K",
639.40787,Triton [AB9+Na]+,[AB9+Na]+,[C15H24O][C2H4O]n,Triton,101 Detergents,X,X,"D, K",
645.45482,"Triton, reduced [AB9+Na]+",[AB9+Na]+,[C15H30O][C2H4O]n,"Triton, reduced",101R Detergents,X,X,"D, K",
646.351867,Peptide [f+H]+,[f+H]+,GLTAER (from YLDGLTAER),Peptide,"keratin (human), ion source fragment",X,X,"G, K",
647.436491,Triton [AB10+H]+,[AB10+H]+,[C14H22O][C2H4O]n,Triton,"X-100, X-114, X-405, or X-45 Detergents",X,X,"D, K",
651.145104,Polysiloxane [M+H-CH4]+,[M+H-CH4]+,[C2H6SiO]9,Polysiloxane,"Polysiloxane, (neutral methane loss from m/z 667)",X,X,L,
657.366795,PEG [A14B+Na]+,[A14B+Na]+,[C2H4O]nH2O,PEG,"Polyethylene glycol, ubiquitous polyether",X,X,"D, K",
657.478356,PPG [A11B+H]+,[A11B+H]+,[C3H6O]nH2O,PPG,"Polypropylene glycol, ubiquitous polyether",X,X,"D, K",
659.383501,Peptide [M+H]+,[M+H]+,SGIQVR,Peptide,Bovine trypsin,X,X,K,
661.452141,Triton [AB10+H]+,[AB10+H]+,[C15H24O][C2H4O]n,Triton,101 Detergents,X,X,"D, K",
667.176404,Polysiloxane [M+H]+,[M+H]+,[C2H6SiO]9,Polysiloxane,"Polysiloxane, followed by m/z 684",X,X,L,
669.418435,Triton [AB10+Na]+,[AB10+Na]+,[C14H22O][C2H4O]n,Triton,"X-100, X-114, X-405, or X-45 Detergents",X,X,"D, K",
672.4039,Peptide [M+H]+,[M+H]+,TVSLPR,Peptide,porcine trypsin,X,X,K,
672.4039,Peptide [M+H]+,[M+H]+,TVSLPR,Peptide,porcine trypsin,X,X,K,
673.340732,PEG [A14B+K]+,[A14B+K]+,[C2H4O]nH2O,PEG,"Polyethylene glycol, ubiquitous polyether",X,X,"D, K",
675.465385,"Triton, reduced [AB10+Na]+",[AB10+Na]+,[C14H28O][C2H4O]n,"Triton, reduced","X-100R, X-114R, X-405R, or X-45R Detergents",X,X,"D, K",
679.411066,PEG [A15B+H]+,[A15B+H]+,[C2H4O]nH2O,PEG,"Polyethylene glycol, ubiquitous polyether",X,X,"D, K",
679.4603,PPG [A11B+Na]+,[A11B+Na]+,[C3H6O]nH2O,PPG,"Polypropylene glycol, ubiquitous polyether",X,X,"D, K",
679.51166,nylon  [M+H]+,[M+H]+,C36H66N6O6,nylon ,"Cyclic oligomer of polyamide 66, (adipic acid/hexylmethylene diamine condensation) ",X,X,M,
683.434085,Triton [AB10+Na]+,[AB10+Na]+,[C15H24O][C2H4O]n,Triton,101 Detergents,X,X,"D, K",
684.202953,Polysiloxane [M+NH4]+,[M+NH4]+,[C2H6SiO]9,Polysiloxane,Polysiloxane (see m/z 667),X,X,L,
689.481035,"Triton, reduced [AB10+Na]+",[AB10+Na]+,[C15H30O][C2H4O]n,"Triton, reduced",101R Detergents,X,X,"D, K",
691.462706,Triton [AB11+H]+,[AB11+H]+,[C14H22O][C2H4O]n,Triton,"X-100, X-114, X-405, or X-45 Detergents",X,X,"D, K",
695.434237,PPG [A11B+K]+,[A11B+K]+,[C3H6O]nH2O,PPG,"Polypropylene glycol, ubiquitous polyether",X,X,"D, K",
701.39301,PEG [A15B+Na]+,[A15B+Na]+,[C2H4O]nH2O,PEG,"Polyethylene glycol, ubiquitous polyether",X,X,"D, K",
704.382499,Peptide [M+H]+,[M+H]+,LDSELK,Peptide,keratin,X,X,E,
705.478356,Triton [AB11+H]+,[AB11+H]+,[C15H24O][C2H4O]n,Triton,101 Detergents,X,X,"D, K",
713.44465,Triton [AB11+Na]+,[AB11+Na]+,[C14H22O][C2H4O]n,Triton,"X-100, X-114, X-405, or X-45 Detergents",X,X,"D, K",
715.520221,PPG [A12B+H]+,[A12B+H]+,[C3H6O]nH2O,PPG,"Polypropylene glycol, ubiquitous polyether",X,X,"D, K",
717.366947,PEG [A15B+K]+,[A15B+K]+,[C2H4O]nH2O,PEG,"Polyethylene glycol, ubiquitous polyether",X,X,"D, K",
719.4916,"Triton, reduced [AB11+Na]+",[AB11+Na]+,[C14H28O][C2H4O]n,"Triton, reduced","X-100R, X-114R, X-405R, or X-45R Detergents",X,X,"D, K",
723.437281,PEG [A16B+H]+,[A16B+H]+,[C2H4O]nH2O,PEG,"Polyethylene glycol, ubiquitous polyether",X,X,"D, K",
725.163896,Polysiloxane [M+H-CH4]+,[M+H-CH4]+,[C2H6SiO]10,Polysiloxane,"Polysiloxane, (neutral methane loss from m/z 741)",X,X,L,
727.4603,Triton [AB11+Na]+,[AB11+Na]+,[C15H24O][C2H4O]n,Triton,101 Detergents,X,X,"D, K",
732.465439,Peptide [M+H]+,[M+H]+,GLVLIAF,Peptide,bovine serum albumin (BSA),X,X,E,
733.50725,"Triton, reduced [AB11+Na]+",[AB11+Na]+,[C15H30O][C2H4O]n,"Triton, reduced",101R Detergents,X,X,"D, K",
735.488921,Triton [AB12+H]+,[AB12+H]+,[C14H22O][C2H4O]n,Triton,"X-100, X-114, X-405, or X-45 Detergents",X,X,"D, K",
737.502165,PPG [A12B+Na]+,[A12B+Na]+,[C3H6O]nH2O,PPG,"Polypropylene glycol, ubiquitous polyether",X,X,"D, K",
741.195196,Polysiloxane [M+H]+,[M+H]+,[C2H6SiO]10,Polysiloxane,"Polysiloxane, followed by m/z 758",X,X,L,
742.449789,Peptide [M+H]+,[M+H]+,GPFPILV,Peptide,bovine casein alpha-S1,X,X,E,
743.44101,Peptide [M+H]+,[M+H]+,ATVSLPR,Peptide,porcine trypsin,X,X,G,
745.419225,PEG [A16B+Na]+,[A16B+Na]+,[C2H4O]nH2O,PEG,"Polyethylene glycol, ubiquitous polyether",X,X,"D, K",
749.504571,Triton [AB12+H]+,[AB12+H]+,[C15H24O][C2H4O]n,Triton,101 Detergents,X,X,"D, K",
753.476102,PPG [A12B+K]+,[A12B+K]+,[C3H6O]nH2O,PPG,"Polypropylene glycol, ubiquitous polyether",X,X,"D, K",
757.470865,Triton [AB12+Na]+,[AB12+Na]+,[C14H22O][C2H4O]n,Triton,"X-100, X-114, X-405, or X-45 Detergents",X,X,"D, K",
758.221745,Polysiloxane [M+NH4]+,[M+NH4]+,[C2H6SiO]10,Polysiloxane,Polysiloxane (see m/z 741),X,X,L,
758.41553,Peptide [M+H]+,[M+H]+,PATLNSR,Peptide,porcine trypsin,X,X,G,
761.393162,PEG [A16B+K]+,[A16B+K]+,[C2H4O]nH2O,PEG,"Polyethylene glycol, ubiquitous polyether",X,X,"D, K",
763.517815,"Triton, reduced [AB12+Na]+",[AB12+Na]+,[C14H28O][C2H4O]n,"Triton, reduced","X-100R, X-114R, X-405R, or X-45R Detergents",X,X,"D, K",
767.463496,PEG [A17B+H]+,[A17B+H]+,[C2H4O]nH2O,PEG,"Polyethylene glycol, ubiquitous polyether",X,X,"D, K",
771.486515,Triton [AB12+Na]+,[AB12+Na]+,[C15H24O][C2H4O]n,Triton,101 Detergents,X,X,"D, K",
773.562086,PPG [A13B+H]+,[A13B+H]+,[C3H6O]nH2O,PPG,"Polypropylene glycol, ubiquitous polyether",X,X,"D, K",
777.533465,"Triton, reduced [AB12+Na]+",[AB12+Na]+,[C15H30O][C2H4O]n,"Triton, reduced",101R Detergents,X,X,"D, K",
779.515136,Triton [AB13+H]+,[AB13+H]+,[C14H22O][C2H4O]n,Triton,"X-100, X-114, X-405, or X-45 Detergents",X,X,"D, K",
789.44544,PEG [A17B+Na]+,[A17B+Na]+,[C2H4O]nH2O,PEG,"Polyethylene glycol, ubiquitous polyether",X,X,"D, K",
793.530786,Triton [AB13+H]+,[AB13+H]+,[C15H24O][C2H4O]n,Triton,101 Detergents,X,X,"D, K",
795.54403,PPG [A13B+Na]+,[A13B+Na]+,[C3H6O]nH2O,PPG,"Polypropylene glycol, ubiquitous polyether",X,X,"D, K",
798.587845,Diisooctyl phthalate [M2+NH4]+,[M2+NH4]+,C24H38O4,Diisooctyl phthalate,"Diisooctyl phthalate, plasticiser",X,X,"A, C, E",
801.49708,Triton [AB13+Na]+,[AB13+Na]+,[C14H22O][C2H4O]n,Triton,"X-100, X-114, X-405, or X-45 Detergents",X,X,"D, K",
802.430512,Peptide [M+H]+,[M+H]+,LSSPATLN,Peptide,"porcine trypsin, truncated",X,X,E,
803.54324,Diisooctyl phthalate [M2+Na]+,[M2+Na]+,C24H38O4,Diisooctyl phthalate,"Diisooctyl phthalate, plasticiser",X,X,"A, C, E",
804.409777,Peptide [M+H]+,[M+H]+,SEIDNVK,Peptide,keratin (human),X,X,G,
805.416259,Peptide [M+H]+,[M+H]+,SAASLNSR,Peptide,bovine trypsin,X,X,"G, K",
805.419377,PEG [A17B+K]+,[A17B+K]+,[C2H4O]nH2O,PEG,"Polyethylene glycol, ubiquitous polyether",X,X,"D, K",
807.39954,Peptide [M+H]+,[M+H]+,LAADDFR,Peptide,keratin (human),X,X,"G, K",
807.54403,"Triton, reduced [AB13+Na]+",[AB13+Na]+,[C14H28O][C2H4O]n,"Triton, reduced","X-100R, X-114R, X-405R, or X-45R Detergents",X,X,"D, K",
809.440348,Peptide [M+H]+,[M+H]+,LASYLDK,Peptide,keratin,X,X,E,
809.48691,Tween [AB10+Na]+,[AB10+Na]+,[C18H34O6][C2H4O]n,Tween,Tween 20,X,X,"D, K",
811.489711,PEG [A18B+H]+,[A18B+H]+,[C2H4O]nH2O,PEG,"Polyethylene glycol, ubiquitous polyether",X,X,"D, K",
811.517967,PPG [A13B+K]+,[A13B+K]+,[C3H6O]nH2O,PPG,"Polypropylene glycol, ubiquitous polyether",X,X,"D, K",
815.51273,Triton [AB13+Na]+,[AB13+Na]+,[C15H24O][C2H4O]n,Triton,101 Detergents,X,X,"D, K",
819.517177,Diisooctyl phthalate [M2+K]+,[M2+K]+,C24H38O4,Diisooctyl phthalate,"Diisooctyl phthalate, plasticiser",X,X,"A, K",
821.55968,"Triton, reduced [AB13+Na]+",[AB13+Na]+,[C15H30O][C2H4O]n,"Triton, reduced",101R Detergents,X,X,"D, K",
823.541351,Triton [AB14+H]+,[AB14+H]+,[C14H22O][C2H4O]n,Triton,"X-100, X-114, X-405, or X-45 Detergents",X,X,"D, K",
824.498865,Peptide [M+H]+,[M+H]+,PGVVSLPR,Peptide,trypsin-like artefact,X,X,E,
827.42978,Peptide [M+H]+,[M+H]+,FASFIDK,Peptide,keratin (human),X,X,"E, G, K",
827.46214,Peptide [M+H]+,[M+H]+,PEIQNVK,Peptide,keratin (human),X,X,"G, K",
831.603951,PPG [A14B+H]+,[A14B+H]+,[C3H6O]nH2O,PPG,"Polypropylene glycol, ubiquitous polyether",X,X,"D, K",
832.488695,Peptide [M+H]+,[M+H]+,SISISVAR,Peptide,keratin (human),X,X,"G, K",
833.471655,PEG [A18B+Na]+,[A18B+Na]+,[C2H4O]nH2O,PEG,"Polyethylene glycol, ubiquitous polyether",X,X,"D, K",
837.557001,Triton [AB14+H]+,[AB14+H]+,[C15H24O][C2H4O]n,Triton,101 Detergents,X,X,"D, K",
839.097421,4-HCCA [M4-2H+K+2Na]+,[M4-2H+K+2Na]+,C10H7NO3,4-HCCA,matrix cluster,,X,"H, I, J",
842.50943,Peptide [M+H]+,[M+H]+,VATVSLPR,Peptide,porcine trypsin,X,X,"E, G, K",
845.105428,4-HCCA [M4-3H+4Na]+,[M4-3H+4Na]+,C10H7NO3,4-HCCA,matrix cluster,,X,"H, I, J",
845.523295,Triton [AB14+Na]+,[AB14+Na]+,[C14H22O][C2H4O]n,Triton,"X-100, X-114, X-405, or X-45 Detergents",X,X,"D, K",
848.49886,Peptide [M+H]+,[M+H]+,AFIDKVR,Peptide,keratin (human),X,X,"G, K",
849.445592,PEG [A18B+K]+,[A18B+K]+,[C2H4O]nH2O,PEG,"Polyethylene glycol, ubiquitous polyether",X,X,"D, K",
851.570245,"Triton, reduced [AB14+Na]+",[AB14+Na]+,[C14H28O][C2H4O]n,"Triton, reduced","X-100R, X-114R, X-405R, or X-45R Detergents",X,X,"D, K",
853.513125,Tween [AB11+Na]+,[AB11+Na]+,[C18H34O6][C2H4O]n,Tween,Tween 20,X,X,"D, K",
853.585895,PPG [A14B+Na]+,[A14B+Na]+,[C3H6O]nH2O,PPG,"Polypropylene glycol, ubiquitous polyether",X,X,"D, K",
855.071358,4-HCCA [M4-2H+Na+2K]+,[M4-2H+Na+2K]+,C10H7NO3,4-HCCA,matrix cluster,,X,"H, I, J",
855.515926,PEG [A19B+H]+,[A19B+H]+,[C2H4O]nH2O,PEG,"Polyethylene glycol, ubiquitous polyether",X,X,"D, K",
859.538945,Triton [AB14+Na]+,[AB14+Na]+,[C15H24O][C2H4O]n,Triton,101 Detergents,X,X,"D, K",
861.079365,4-HCCA [M4-3H+3Na+K]+,[M4-3H+3Na+K]+,C10H7NO3,4-HCCA,matrix cluster,,X,"H, I, J",
863.473379,Peptide [f+H]+,[f+H]+,SFLINNR (from THNLEPYFESFINNLR),Peptide,"keratin (human), ion source fragment",X,X,"G, K",
865.477796,Peptide [f+H]+,[f+H]+,IEIATYR (from LALDIEIATYR),Peptide,"keratin (human), ion source fragment",X,X,"G, K",
865.54951,Tween [AB10+Na]+,[AB10+Na]+,[C22H42O6][C2H4O]n,Tween,Tween 40,X,X,"D, K",
865.585895,"Triton, reduced [AB14+Na]+",[AB14+Na]+,[C15H30O][C2H4O]n,"Triton, reduced",101R Detergents,X,X,"D, K",
867.087372,4-HCCA [M4-4H+5Na]+,[M4-4H+5Na]+,C10H7NO3,4-HCCA,matrix cluster,,X,"H, I, J",
867.567566,Triton [AB15+H]+,[AB15+H]+,[C14H22O][C2H4O]n,Triton,"X-100, X-114, X-405, or X-45 Detergents",X,X,"D, K",
869.559832,PPG [A14B+K]+,[A14B+K]+,[C3H6O]nH2O,PPG,"Polypropylene glycol, ubiquitous polyether",X,X,"D, K",
870.54073,Peptide [M+H]+,[M+H]+,VATVSLPR  N-term. methylated ,Peptide,porcine trypsin - methylated,X,X,J,
871.045295,4-HCCA [M4-2H+3K]+,[M4-2H+3K]+,C10H7NO3,4-HCCA,matrix cluster,,X,"H, I, J",
871.499594,Peptide [M+H]+,[M+H]+,QATVSLPR,Peptide,trypsin-like artefact,X,X,E,
874.49926,Peptide [M+H]+,[M+H]+,SLVNLGGSK,Peptide,keratin (human),X,X,"E, G, K",
877.49787,PEG [A19B+Na]+,[A19B+Na]+,[C2H4O]nH2O,PEG,"Polyethylene glycol, ubiquitous polyether",X,X,"D, K",
881.472711,Peptide [M+H]+,[M+H]+,SLYGLGGSK,Peptide,keratin (human),X,X,"G, K",
881.583216,Triton [AB15+H]+,[AB15+H]+,[C15H24O][C2H4O]n,Triton,101 Detergents,X,X,"D, K",
883.514849,Peptide [M+H]+,[M+H]+,RVYVHPI,Peptide,Angiotensin standards,X,X,E,
889.54951,Triton [AB15+Na]+,[AB15+Na]+,[C14H22O][C2H4O]n,Triton,"X-100, X-114, X-405, or X-45 Detergents",X,X,"D, K",
889.645816,PPG [A15B+H]+,[A15B+H]+,[C3H6O]nH2O,PPG,"Polypropylene glycol, ubiquitous polyether",X,X,"D, K",
891.56516,Tween [AB10+Na]+,[AB10+Na]+,[C24H44O6][C2H4O]n,Tween,Tween 80,X,X,"D, K",
893.471807,PEG [A19B+K]+,[A19B+K]+,[C2H4O]nH2O,PEG,"Polyethylene glycol, ubiquitous polyether",X,X,"D, K",
893.58081,Tween [AB10+Na]+,[AB10+Na]+,[C24H46O6][C2H4O]n,Tween,Tween 60,X,X,"D, K",
895.59646,"Triton, reduced [AB15+Na]+",[AB15+Na]+,[C14H28O][C2H4O]n,"Triton, reduced","X-100R, X-114R, X-405R, or X-45R Detergents",,X,"D, K",
897.53934,Tween [AB12+Na]+,[AB12+Na]+,[C18H34O6][C2H4O]n,Tween,Tween 20,X,X,"D, K",
899.530894,Peptide [M+H]+,[M+H]+,VQTVSLPR,Peptide,trypsin-like artefact,X,X,E,
899.542141,PEG [A20B+H]+,[A20B+H]+,[C2H4O]nH2O,PEG,"Polyethylene glycol, ubiquitous polyether",X,X,"D, K",
903.56516,Triton [AB15+Na]+,[AB15+Na]+,[C15H24O][C2H4O]n,Triton,101 Detergents,X,X,"D, K",
905.679788,nylon  [M+H]+,[M+H]+,C48H88N8O8,nylon ,"Cyclic oligomer of polyamide 66, (adipic acid/hexylmethylene diamine condensation) ",X,X,M,
906.50434,Peptide [M+H]+,[M+H]+,NKPGVYTK,Peptide,bovine trypsin,X,X,"G, K",
906.50434,Peptide [M+H]+,[M+H]+,NKPGVYTK,Peptide,porcine trypsin,X,X,"G, K",
909.575725,Tween [AB11+Na]+,[AB11+Na]+,[C22H42O6][C2H4O]n,Tween,Tween 40,X,X,"D, K",
909.61211,"Triton, reduced [AB15+Na]+",[AB15+Na]+,[C15H30O][C2H4O]n,"Triton, reduced",101R Detergents,X,X,"D, K",
911.593781,Triton [AB16+H]+,[AB16+H]+,[C14H22O][C2H4O]n,Triton,"X-100, X-114, X-405, or X-45 Detergents",X,X,"D, K",
911.62776,PPG [A15B+Na]+,[A15B+Na]+,[C3H6O]nH2O,PPG,"Polypropylene glycol, ubiquitous polyether",X,X,"D, K",
917.499199,Peptide [M+H]+,[M+H]+,RVYVHPF,Peptide,Angiotensin standards (bovine),X,X,E,
921.524085,PEG [A20B+Na]+,[A20B+Na]+,[C2H4O]nH2O,PEG,"Polyethylene glycol, ubiquitous polyether",X,X,"D, K",
925.609431,Triton [AB16+H]+,[AB16+H]+,[C15H24O][C2H4O]n,Triton,101 Detergents,X,X,"D, K",
927.601697,PPG [A15B+K]+,[A15B+K]+,[C3H6O]nH2O,PPG,"Polypropylene glycol, ubiquitous polyether",X,X,"D, K",
931.514849,Peptide [M+H]+,[M+H]+,RVYIHPF,Peptide,Angiotensin standards (human),X,X,E,
933.575725,Triton [AB16+Na]+,[AB16+Na]+,[C14H22O][C2H4O]n,Triton,"X-100, X-114, X-405, or X-45 Detergents",X,X,"D, K",
935.591375,Tween [AB11+Na]+,[AB11+Na]+,[C24H44O6][C2H4O]n,Tween,Tween 80,X,X,"D, K",
937.498022,PEG [A20B+K]+,[A20B+K]+,[C2H4O]nH2O,PEG,"Polyethylene glycol, ubiquitous polyether",X,X,"D, K",
937.607025,Tween [AB11+Na]+,[AB11+Na]+,[C24H46O6][C2H4O]n,Tween,Tween 60,X,X,"D, K",
939.622675,"Triton, reduced [AB16+Na]+",[AB16+Na]+,[C14H28O][C2H4O]n,"Triton, reduced","X-100R, X-114R, X-405R, or X-45R Detergents",X,X,"D, K",
941.565555,Tween [AB13+Na]+,[AB13+Na]+,[C18H34O6][C2H4O]n,Tween,Tween 20,X,X,"D, K",
947.591375,Triton [AB16+Na]+,[AB16+Na]+,[C15H24O][C2H4O]n,Triton,101 Detergents,X,X,"D, K",
947.687681,PPG [A16B+H]+,[A16B+H]+,[C3H6O]nH2O,PPG,"Polypropylene glycol, ubiquitous polyether",X,X,"D, K",
950.473045,Peptide [M+H]+,[M+H]+,YVNWIQQ,Peptide,"trypsin-like artefact, truncated",X,X,E,
953.60194,Tween [AB12+Na]+,[AB12+Na]+,[C22H42O6][C2H4O]n,Tween,Tween 40,X,X,"D, K",
953.638325,"Triton, reduced [AB16+Na]+",[AB16+Na]+,[C15H30O][C2H4O]n,"Triton, reduced",101R Detergents,X,X,"D, K",
955.619996,Triton [AB17+H]+,[AB17+H]+,[C14H22O][C2H4O]n,Triton,"X-100, X-114, X-405, or X-45 Detergents",X,X,"D, K",
969.635646,Triton [AB17+H]+,[AB17+H]+,[C15H24O][C2H4O]n,Triton,101 Detergents,X,X,"D, K",
969.669625,PPG [A16B+Na]+,[A16B+Na]+,[C3H6O]nH2O,PPG,"Polypropylene glycol, ubiquitous polyether",X,X,"D, K",
973.53129,Peptide [M+H]+,[M+H]+,IEISELNR,Peptide,keratin (human),X,X,"E, G, K",
977.60194,Triton [AB17+Na]+,[AB17+Na]+,[C14H22O][C2H4O]n,Triton,"X-100, X-114, X-405, or X-45 Detergents",X,X,"D, K",
979.50949,Peptide [M+H]+,[M+H]+,GTSYPDVLK,Peptide,bovine trypsin,X,X,"G, K",
979.61759,Tween [AB12+Na]+,[AB12+Na]+,[C24H44O6][C2H4O]n,Tween,Tween 80,X,X,"D, K",
981.63324,Tween [AB12+Na]+,[AB12+Na]+,[C24H46O6][C2H4O]n,Tween,Tween 60,X,X,"D, K",
983.64889,"Triton, reduced [AB17+Na]+",[AB17+Na]+,[C14H28O][C2H4O]n,"Triton, reduced","X-100R, X-114R, X-405R, or X-45R Detergents",X,X,"D, K",
985.59177,Tween [AB14+Na]+,[AB14+Na]+,[C18H34O6][C2H4O]n,Tween,Tween 20,X,X,"D, K",
985.643562,PPG [A16B+K]+,[A16B+K]+,[C3H6O]nH2O,PPG,"Polypropylene glycol, ubiquitous polyether",X,X,"D, K",
991.61759,Triton [AB17+Na]+,[AB17+Na]+,[C15H24O][C2H4O]n,Triton,101 Detergents,X,X,"D, K",
994.155513,4-HCCA [M5-H2O-2H+3Na]+,[M5-H2O-2H+3Na]+,C10H7NO3,4-HCCA,matrix cluster,,X,"H, I, J",
995.519661,Peptide [M+H]+,[M+H]+,IKEWYEK,Peptide,keratin,X,X,E,
997.628155,Tween [AB13+Na]+,[AB13+Na]+,[C22H42O6][C2H4O]n,Tween,Tween 40,X,X,"D, K",
997.66454,"Triton, reduced [AB17+Na]+",[AB17+Na]+,[C15H30O][C2H4O]n,"Triton, reduced",101R Detergents,X,X,"D, K",
999.646211,Triton [AB18+H]+,[AB18+H]+,[C14H22O][C2H4O]n,Triton,"X-100, X-114, X-405, or X-45 Detergents",X,X,"D, K",
1000.56734,Peptide [M+H]+,[M+H]+,LQAEIEGLK,Peptide,keratin,X,X,E,
1002.58299,Peptide [M+H]+,[M+H]+,"LVVSTQTALA, C-terminus",Peptide,bovine serum albumin (BSA),X,X,E,
1003.553087,Peptide [M+H]+,[M+H]+,SEITELRR,Peptide,keratin,X,X,E,
1005.729546,PPG [A17B+H]+,[A17B+H]+,[C3H6O]nH2O,PPG,"Polypropylene glycol, ubiquitous polyether",X,X,"D, K",
1013.661861,Triton [AB18+H]+,[AB18+H]+,[C15H24O][C2H4O]n,Triton,101 Detergents,X,X,"D, K",
1020.50302,Peptide [M+H]+,[M+H]+,APILSDSSCK,Peptide,bovine trypsin,X,X,"G, K",
1020.53604,Peptide [M+H]+,[M+H]+,SIPYQVSLN,Peptide,"trypsin-like artefact, truncated",X,X,E,
1021.628155,Triton [AB18+Na]+,[AB18+Na]+,[C14H22O][C2H4O]n,Triton,"X-100, X-114, X-405, or X-45 Detergents",X,X,"D, K",
1023.474169,Peptide [M+H]+,[M+H]+,SSYPGQITGN,Peptide,"trypsin-like artefact, truncated",X,X,E,
1023.51055,Peptide [M+H]+,[M+H]+,NEQFISASK,Peptide,bovine trypsin,X,X,"G, K",
1023.643805,Tween [AB13+Na]+,[AB13+Na]+,[C24H44O6][C2H4O]n,Tween,Tween 80,X,X,"D, K",
1025.659455,Tween [AB13+Na]+,[AB13+Na]+,[C24H46O6][C2H4O]n,Tween,Tween 60,X,X,"D, K",
1027.675105,"Triton, reduced [AB18+Na]+",[AB18+Na]+,[C14H28O][C2H4O]n,"Triton, reduced","X-100R, X-114R, X-405R, or X-45R Detergents",X,X,"D, K",
1027.71149,PPG [A17B+Na]+,[A17B+Na]+,[C3H6O]nH2O,PPG,"Polypropylene glycol, ubiquitous polyether",X,X,"D, K",
1029.617985,Tween [AB15+Na]+,[AB15+Na]+,[C18H34O6][C2H4O]n,Tween,Tween 20,X,X,"D, K",
1031.5983,Peptide [M+H]+,[M+H]+,VLDELTLTK,Peptide,keratin (human),X,X,"E, G, K",
1033.51603,Peptide [M+H]+,[M+H]+,TLLEGEESR,Peptide,keratin (human),X,X,"E, G, K",
1035.643805,Triton [AB18+Na]+,[AB18+Na]+,[C15H24O][C2H4O]n,Triton,101 Detergents,X,X,"D, K",
1036.082773,4-HCCA [M5-2H2O-4H+4Na+K]+,[M5-2H2O-4H+4Na+K]+,C10H7NO3,4-HCCA,matrix cluster,,X,"H, I, J",
1036.532291,Peptide [M+H]+,[M+H]+,IRDWYQR,Peptide,keratin,X,X,E,
1037.5262,Peptide [M+H]+,[M+H]+,YLDGLTAER,Peptide,keratin (human),X,X,"G, K",
1041.65437,Tween [AB14+Na]+,[AB14+Na]+,[C22H42O6][C2H4O]n,Tween,Tween 40,X,X,"D, K",
1041.690755,"Triton, reduced [AB18+Na]+",[AB18+Na]+,[C15H30O][C2H4O]n,"Triton, reduced",101R Detergents,X,X,"D, K",
1043.672426,Triton [AB19+H]+,[AB19+H]+,[C14H22O][C2H4O]n,Triton,"X-100, X-114, X-405, or X-45 Detergents",X,X,"D, K",
1043.685427,PPG [A17B+K]+,[A17B+K]+,[C3H6O]nH2O,PPG,"Polypropylene glycol, ubiquitous polyether",X,X,"D, K",
1044.113952,4-HCCA [M5-2H+Na+2K]+,[M5-2H+Na+2K]+,C10H7NO3,4-HCCA,matrix cluster,,X,"H, I, J",
1045.56365,Peptide [M+H]+,[M+H]+,LSSPATLNSR,Peptide,porcine trypsin,X,X,"G, K",
1046.59528,Peptide [M+H]+,[M+H]+,LKSAASLNSR,Peptide,bovine trypsin,X,X,"G, K",
1054.093338,4-HCCA [M5-H2O-4H+4Na+K]+,[M5-H2O-4H+4Na+K]+,C10H7NO3,4-HCCA,matrix cluster,,X,"H, I, J",
1057.688076,Triton [AB19+H]+,[AB19+H]+,[C15H24O][C2H4O]n,Triton,101 Detergents,X,X,"D, K",
1060.087889,4-HCCA [M5-2H+3K]+,[M5-2H+3K]+,C10H7NO3,4-HCCA,"matrix cluster, pentamer, triply potassiated",,X,"H, I, J",
1060.56331,Peptide [M+H]+,[M+H]+,TLLDIDNTR,Peptide,keratin (human),X,X,"E, G, K",
1063.771411,PPG [A18B+H]+,[A18B+H]+,[C3H6O]nH2O,PPG,"Polypropylene glycol, ubiquitous polyether",X,X,"D, K",
1064.573488,Peptide [M+H]+,[M+H]+,DIIRAVGAYS,Peptide,lysyl endopeptidase (Lys-C),X,X,E,
1064.60987,Peptide [M+H]+,[M+H]+,LASYLDKVR,Peptide,keratin (human),X,X,"G, K",
1065.499338,Peptide [M+H]+,[M+H]+,STMQELNSR,Peptide,keratin,X,X,E,
1065.65437,Triton [AB19+Na]+,[AB19+Na]+,[C14H22O][C2H4O]n,Triton,"X-100, X-114, X-405, or X-45 Detergents",X,X,"D, K",
1066.095896,4-HCCA [M5-3H+2K+2Na]+,[M5-3H+2K+2Na]+,C10H7NO3,4-HCCA,"matrix cluster, pentamer, potassiated, sodiated",,X,"H, I, J",
1066.60439,Peptide [M+H]+,[M+H]+,FAAFIDKVR,Peptide,keratin (human),X,X,"G, K",
1067.67002,Tween [AB14+Na]+,[AB14+Na]+,[C24H44O6][C2H4O]n,Tween,Tween 80,X,X,"D, K",
1069.68567,Tween [AB14+Na]+,[AB14+Na]+,[C24H46O6][C2H4O]n,Tween,Tween 60,X,X,"D, K",
1071.60445,Peptide [M+H]+,[M+H]+,LAGLEEALQK,Peptide,keratin (human),X,X,"G, K",
1071.70132,"Triton, reduced [AB19+Na]+",[AB19+Na]+,[C14H28O][C2H4O]n,"Triton, reduced","X-100R, X-114R, X-405R, or X-45R Detergents",X,X,"D, K",
1073.6442,Tween [AB16+Na]+,[AB16+Na]+,[C18H34O6][C2H4O]n,Tween,Tween 20,X,X,"D, K",
1079.67002,Triton [AB19+Na]+,[AB19+Na]+,[C15H24O][C2H4O]n,Triton,101 Detergents,X,X,"D, K",
1080.53201,Peptide [f+H]+,[f+H]+,GNEQFISASK (from LGEDNINVVEGNEQFISASK),Peptide,"bovine trypsin, in source fragment",X,X,"G, K",
1082.59931,Peptide [M+H]+,[M+H]+,FASFIDKVR,Peptide,keratin (human),X,X,"G, K",
1085.680585,Tween [AB15+Na]+,[AB15+Na]+,[C22H42O6][C2H4O]n,Tween,Tween 40,X,X,"D, K",
1085.71697,"Triton, reduced [AB19+Na]+",[AB19+Na]+,[C15H30O][C2H4O]n,"Triton, reduced",101R Detergents,X,X,"D, K",
1085.753355,PPG [A18B+Na]+,[A18B+Na]+,[C3H6O]nH2O,PPG,"Polypropylene glycol, ubiquitous polyether",X,X,"D, K",
1087.698641,Triton [AB20+H]+,[AB20+H]+,[C14H22O][C2H4O]n,Triton,"X-100, X-114, X-405, or X-45 Detergents",X,X,"D, K",
1090.53097,Peptide [M+H]+,[M+H]+,VTMQNLNDR,Peptide,keratin (human),X,X,"G, K",
1091.548,Peptide [M+H]+,[M+H]+,GNEQFINAAK,Peptide,porcine trypsin,X,X,"G, K",
1101.714291,Triton [AB20+H]+,[AB20+H]+,[C15H24O][C2H4O]n,Triton,101 Detergents,X,X,"D, K",
1101.727292,PPG [A18B+K]+,[A18B+K]+,[C3H6O]nH2O,PPG,"Polypropylene glycol, ubiquitous polyether",X,X,"D, K",
1109.48982,Peptide [M+H]+,[M+H]+,DAEAWFNEK,Peptide,keratin (human),X,X,"G, K",
1109.680585,Triton [AB20+Na]+,[AB20+Na]+,[C14H22O][C2H4O]n,Triton,"X-100, X-114, X-405, or X-45 Detergents",X,X,"D, K",
1111.56048,Peptide [M+H]+,[M+H]+,VCNYVSWIK,Peptide,bovine trypsin,,X,"G, K",
1111.696235,Tween [AB15+Na]+,[AB15+Na]+,[C24H44O6][C2H4O]n,Tween,Tween 80,X,X,"D, K",
1113.711885,Tween [AB15+Na]+,[AB15+Na]+,[C24H46O6][C2H4O]n,Tween,Tween 60,X,X,"D, K",
1115.727535,"Triton, reduced [AB20+Na]+",[AB20+Na]+,[C14H28O][C2H4O]n,"Triton, reduced","X-100R, X-114R, X-405R, or X-45R Detergents",X,X,"D, K",
1117.670415,Tween [AB17+Na]+,[AB17+Na]+,[C18H34O6][C2H4O]n,Tween,Tween 20,X,X,"D, K",
1118.508597,Peptide [M+H]+,[M+H]+,HGNSHQGEPR,Peptide,keratin (human),X,X,"G, K",
1121.58372,Peptide [M+H]+,[M+H]+,QEYEQLIAK,Peptide,keratin (human),X,X,"G, K",
1121.813276,PPG [A19B+H]+,[A19B+H]+,[C3H6O]nH2O,PPG,"Polypropylene glycol, ubiquitous polyether",X,X,"D, K",
1123.696235,Triton [AB20+Na]+,[AB20+Na]+,[C15H24O][C2H4O]n,Triton,101 Detergents,X,X,"D, K",
1126.563986,Peptide [M+H]+,[M+H]+,IITHPNFNGN,Peptide,"porcine trypsin, methylated, truncated",X,X,"E, J",
1129.621167,Peptide [M+H]+,[M+H]+,LSELEAALQR,Peptide,Keratin,X,X,E,
1129.7068,Tween [AB16+Na]+,[AB16+Na]+,[C22H42O6][C2H4O]n,Tween,Tween 40,X,X,"D, K",
1129.743185,"Triton, reduced [AB20+Na]+",[AB20+Na]+,[C15H30O][C2H4O]n,"Triton, reduced",101R Detergents,X,X,"D, K",
1141.519405,Peptide [M+H]+,[M+H]+,DYQELMNTK,Peptide,Keratin,X,X,E,
1143.55031,Peptide [M+H]+,[M+H]+,VCNYVSWIK (W - oxid.),Peptide,bovine trypsin,X,X,"G, K",
1143.79522,PPG [A19B+Na]+,[A19B+Na]+,[C3H6O]nH2O,PPG,"Polypropylene glycol, ubiquitous polyether",X,X,"D, K",
1153.57354,Peptide [M+H]+,[M+H]+,SSGTSYPDVLK,Peptide,bovine trypsin,X,X,"G, K",
1155.72245,Tween [AB16+Na]+,[AB16+Na]+,[C24H44O6][C2H4O]n,Tween,Tween 80,X,X,"D, K",
1157.59093,Peptide [M+H]+,[M+H]+,QGVDADINGLR,Peptide,keratin (human),X,X,"G, K",
1157.7381,Tween [AB16+Na]+,[AB16+Na]+,[C24H46O6][C2H4O]n,Tween,Tween 60,X,X,"D, K",
1159.769157,PPG [A19B+K]+,[A19B+K]+,[C3H6O]nH2O,PPG,"Polypropylene glycol, ubiquitous polyether",X,X,"D, K",
1161.69663,Tween [AB18+Na]+,[AB18+Na]+,[C18H34O6][C2H4O]n,Tween,Tween 20,X,X,"D, K",
1165.584782,Peptide [M+H]+,[M+H]+,LENEIQTYR,Peptide,keratin (human),X,X,"E, G, K",
1168.581944,Peptide [M+H]+,[M+H]+,VCcamNYVSWIK,Peptide,bovine trypsin,,X,"G, K",
1173.733015,Tween [AB17+Na]+,[AB17+Na]+,[C22H42O6][C2H4O]n,Tween,Tween 40,X,X,"D, K",
1175.522381,Peptide [M+H]+,[M+H]+,MFCAGYLEGGK,Peptide,bovine trypsin,X,X,J,
1175.63404,Peptide [M+H]+,[M+H]+,TLDNDIMLIK,Peptide,porcine trypsin,X,X,"E, G, K",
1179.60043,Peptide [M+H]+,[M+H]+,YEELQITAGR,Peptide,keratin (human),X,X,"E, G, K",
1179.855141,PPG [A20B+H]+,[A20B+H]+,[C3H6O]nH2O,PPG,"Polypropylene glycol, ubiquitous polyether",X,X,"D, K",
1183.61574,Peptide [M+H]+,[M+H]+,NVEIDPEIQK,Peptide,keratin (human),X,X,"G, K",
1190.608554,Peptide [M+H]+,[M+H]+,QVLDNLTMEK,Peptide,kereatin,X,X,E,
1191.517296,Peptide [M+H]+,[M+H]+,MoxFCAGYLEGGK,Peptide,bovine trypsin,X,X,J,
1191.628955,Peptide [M+H]+,[M+H]+,TLDNDIMoxLIK,Peptide,porcine trypsin,X,X,"E, G, K",
1193.61608,Peptide [M+H]+,[M+H]+,YEELQVTVGR,Peptide,keratin (human),X,X,"G, K",
1199.748665,Tween [AB17+Na]+,[AB17+Na]+,[C24H44O6][C2H4O]n,Tween,Tween 80,X,X,"D, K",
1200.571774,Peptide [M+H]+,[M+H]+,VCcamNYVSWIK (W - oxid.),Peptide,bovine trypsin,X,X,"G, K",
1201.764315,Tween [AB17+Na]+,[AB17+Na]+,[C24H46O6][C2H4O]n,Tween,Tween 60,X,X,"D, K",
1201.837085,PPG [A20B+Na]+,[A20B+Na]+,[C3H6O]nH2O,PPG,"Polypropylene glycol, ubiquitous polyether",X,X,"D, K",
1203.640188,Peptide [M+H]+,[M+H]+,TLDNDIMLIR,Peptide,trypsin-like artefact,X,X,E,
1205.722845,Tween [AB19+Na]+,[AB19+Na]+,[C18H34O6][C2H4O]n,Tween,Tween 20,X,X,"D, K",
1208.61574,Peptide [M+H]+,[M+H]+,TAAENDFVTLK,Peptide,keratin (human),X,X,"G, K",
1210.59501,Peptide [M+H]+,[M+H]+,SSGGTSYPDVLK,Peptide,keratin (human),X,X,"G, K",
1210.59501,Peptide [M+H]+,[M+H]+,SSGGTSYPDVLK,Peptide,bovine trypsin,X,X,"G, K",
1217.75923,Tween [AB18+Na]+,[AB18+Na]+,[C22H42O6][C2H4O]n,Tween,Tween 40,X,X,"D, K",
1217.811022,PPG [A20B+K]+,[A20B+K]+,[C3H6O]nH2O,PPG,"Polypropylene glycol, ubiquitous polyether",X,X,"D, K",
1219.635103,Peptide [M+H]+,[M+H]+,TLDNDIMoxLIR,Peptide,trypsin-like artefact,X,X,E,
1220.59059,Peptide [M+H]+,[M+H]+,EGNEQFINAAK,Peptide,porcine trypsin,X,X,"G, K",
1225.125367,4-HCCA [M6-2H2O-4H+4Na+K]+,[M6-2H2O-4H+4Na+K]+,C10H7NO3,4-HCCA,"matrix cluster, hexamer, potassiated, sodiated",,X,"H, I, J",
1229.800224,CHAPS [M2+H]+,[M2+H]+,C32H58N2O7S,CHAPS,3-[(3-Cholamidopropyl)dimethylammonio]-1-propanesulfonate,X,X,E,
1232.543845,Peptide [M+H]+,[M+H]+,MFCcamAGYLEGGK,Peptide,bovine trypsin,X,X,J,
1232.5978,Peptide [M+H]+,[M+H]+,SGGGGGGGLGSGGSIR,Peptide,keratin (human),X,X,"G, K",
1235.528725,Peptide [M+H]+,[M+H]+,FSSSSGYGGGSSR,Peptide,keratin (human),X,X,"G, K",
1243.77488,Tween [AB18+Na]+,[AB18+Na]+,[C24H44O6][C2H4O]n,Tween,Tween 80,X,X,"D, K",
1245.79053,Tween [AB18+Na]+,[AB18+Na]+,[C24H46O6][C2H4O]n,Tween,Tween 60,X,X,"D, K",
1248.53876,Peptide [M+H]+,[M+H]+,MoxFCcamAGYLEGGK,Peptide,bovine trypsin,X,X,J,
1249.74906,Tween [AB20+Na]+,[AB20+Na]+,[C18H34O6][C2H4O]n,Tween,Tween 20,X,X,"D, K",
1251.709587,Peptide [M+H]+,[M+H]+,YIPIQYVLSR,Peptide,bovine casein alpha-S1,X,X,E,
1254.6073,Peptide [M+H]+,[M+H]+,GFSSGSAVVSGGSR,Peptide,keratin (human),X,X,"G, K",
1261.785445,Tween [AB19+Na]+,[AB19+Na]+,[C22H42O6][C2H4O]n,Tween,Tween 40,X,X,"D, K",
1262.597139,Peptide [M+H]+,[M+H]+,SLLEGEGSSGGGGR,Peptide,keratin,X,X,E,
1262.757934,Peptide [M+H]+,[M+H]+,LLHGVATVSLPR,Peptide,trypsin-like artefact,X,X,E,
1265.63721,Peptide [M+H]+,[M+H]+,TNAENEFVTIK,Peptide,keratin (human),X,X,"G, K",
1267.704502,Peptide [M+H]+,[M+H]+,YLGYLEQLLR,Peptide,bovine casein alpha-S1,X,X,E,
1277.63319,Peptide [M+H]+,[M+H]+,SDQSRLDSELK,Peptide,keratin (human),X,X,"G, K",
1277.70998,Peptide [M+H]+,[M+H]+,LALDIEIATYR,Peptide,keratin (human),X,X,"E, G, K",
1278.585528,Peptide [M+H]+,[M+H]+,GSCcamGIGGGIGGGSSR,Peptide,keratin,X,X,E,
1278.64369,Peptide [M+H]+,[M+H]+,YEQLAEQNRK,Peptide,keratin (human),X,X,"G, K",
1282.669119,Peptide [M+H]+,[M+H]+,DRVYVHPFHL,Peptide,Angiotensin standards (bovine),X,X,E,
1287.801095,Tween [AB19+Na]+,[AB19+Na]+,[C24H44O6][C2H4O]n,Tween,Tween 80,X,X,"D, K",
1289.816745,Tween [AB19+Na]+,[AB19+Na]+,[C24H46O6][C2H4O]n,Tween,Tween 60,X,X,"D, K",
1293.775275,Tween [AB21+Na]+,[AB21+Na]+,[C18H34O6][C2H4O]n,Tween,Tween 20,X,X,"D, K",
1296.684769,Peptide [M+H]+,[M+H]+,DRVYIHPFHL,Peptide,Angiotensin standards (human),X,X,E,
1301.658342,Peptide [M+H]+,[M+H]+,ALEEANADLEVK,Peptide,keratin,X,X,E,
1302.701209,Peptide [M+H]+,[M+H]+,NSKIEISELNR,Peptide,keratin (human),X,X,"G, K",
1302.71512,Peptide [M+H]+,[M+H]+,SLDLDSIIAEVK,Peptide,keratin (human),X,X,"E, G, K",
1305.71613,Peptide [M+H]+,[M+H]+,HLVDEPQNLIK,Peptide,bovine serum albumin (BSA),X,X,E,
1305.81166,Tween [AB20+Na]+,[AB20+Na]+,[C22H42O6][C2H4O]n,Tween,Tween 40,X,X,"D, K",
1307.677636,Peptide [M+H]+,[M+H]+,IKFEMEQNLR ,Peptide,keratin (human),X,X,"E, G, K",
1308.64302,Peptide [M+H]+,[M+H]+,VEGNEQFISASK,Peptide,bovine trypsin,X,X,"G, K",
1308.654259,Peptide [M+H]+,[M+H]+,NKYEDEINKR,Peptide,keratin (human),X,X,"G, K",
1315.685225,Peptide [M+H]+,[M+H]+,DQIVDLTVGNNK,Peptide,keratin,X,X,E,
1316.724252,Peptide [M+H]+,[M+H]+,TLDNDIMLIRL,Peptide,trypsin-like artefact,X,X,E,
1320.582825,Peptide [M+H]+,[M+H]+,HGGGGGGFGGGGFGSR,Peptide,keratin (human),X,X,"G, K",
1323.672551,Peptide [M+H]+,[M+H]+,IKFEMoxEQNLR ,Peptide,keratin (human),X,X,"G, K",
1329.63933,Peptide [M+H]+,[M+H]+,NVQDAIADAEQR,Peptide,keratin (human),X,X,"G, K",
1331.82731,Tween [AB20+Na]+,[AB20+Na]+,[C24H44O6][C2H4O]n,Tween,Tween 80,X,X,"D, K",
1332.719167,Peptide [M+H]+,[M+H]+,TLDNDIMoxLIRL,Peptide,trypsin-like artefact,X,X,E,
1333.84296,Tween [AB20+Na]+,[AB20+Na]+,[C24H46O6][C2H4O]n,Tween,Tween 60,X,X,"D, K",
1336.71071,Peptide [M+H]+,[M+H]+,TAAENDFVTLKK,Peptide,keratin (human),X,X,"G, K",
1337.80149,Tween [AB22+Na]+,[AB22+Na]+,[C18H34O6][C2H4O]n,Tween,Tween 20,X,X,"D, K",
1340.669241,Peptide [M+H]+,[M+H]+,SKAEAESLYQSK,Peptide,keratin,X,X,E,
1344.675389,Peptide [M+H]+,[M+H]+,ASLEAAIADAEQR,Peptide,keratin,X,X,E,
1349.837875,Tween [AB21+Na]+,[AB21+Na]+,[C22H42O6][C2H4O]n,Tween,Tween 40,X,X,"D, K",
1350.68729,Peptide [M+H]+,[M+H]+,IGLGGRGGSGGSYGR,Peptide,keratin,X,X,E,
1357.69579,Peptide [M+H]+,[M+H]+,LNDLEDALQQAK,Peptide,keratin (human),X,X,"E, G, K",
1357.71825,Peptide [M+H]+,[M+H]+,QSVEADINGLRR,Peptide,keratin (human),X,X,"G, K",
1365.63933,Peptide [M+H]+,[M+H]+,SQYEQLAEQNR,Peptide,keratin (human),X,X,"G, K",
1366.696124,Peptide [M+H]+,[M+H]+,RISNSTSPTSFVA,Peptide,lysyl endopeptidase (Lys-C),X,X,E,
1367.670243,Peptide [M+H]+,[M+H]+,VFTSWTGGGAAASR,Peptide,lysyl endopeptidase (Lys-C),X,X,E,
1371.71144,Peptide [M+H]+,[M+H]+,LNDLEEALQQAK,Peptide,keratin (human),X,X,"E, G, K",
1374.69334,Peptide [M+H]+,[M+H]+,DLNMDNIVAEIK,Peptide,keratin (human),X,X,G,
1375.853525,Tween [AB21+Na]+,[AB21+Na]+,[C24H44O6][C2H4O]n,Tween,Tween 80,X,X,"D, K",
1377.869175,Tween [AB21+Na]+,[AB21+Na]+,[C24H46O6][C2H4O]n,Tween,Tween 60,X,X,"D, K",
1381.64817,Peptide [M+H]+,[M+H]+,ALEESNYELEGK,Peptide,keratin (human),X,X,"E, G",
1381.827705,Tween [AB23+Na]+,[AB23+Na]+,[C18H34O6][C2H4O]n,Tween,Tween 20,X,X,"D, K",
1383.69031,Peptide [M+H]+,[M+H]+,SLNNQFASFIDK,Peptide,keratin (human),X,X,"E, G",
1384.729988,Peptide [M+H]+,[M+H]+,FFVAPFPEVFGK,Peptide,bovine casein alpha-S1,X,X,E,
1390.680869,Peptide [M+H]+,[M+H]+,QSLEASLAETEGR,Peptide,keratin,X,X,E,
1393.73217,Peptide [M+H]+,[M+H]+,TNAENEFVTIKK,Peptide,keratin (human),X,X,"E, G",
1393.86409,Tween [AB22+Na]+,[AB22+Na]+,[C22H42O6][C2H4O]n,Tween,Tween 40,X,X,"D, K",
1399.692618,Peptide [M+H]+,[M+H]+,TVMENFVAFVDK,Peptide,bovine serum albumin (BSA),X,X,E,
1399.70048,Peptide [f+H]+,[f+H]+,PYFESFINNLR (from THNLEPYFESFINNLR),Peptide,"keratin (human), ion-source fragment",X,X,"G, K",
1418.727424,Peptide [M+H]+,[M+H]+,VDALNDEINFLR,Peptide,keratin,X,X,E,
1419.747825,Peptide [M+H]+,[M+H]+,LEGLTDEINFLR,Peptide,keratin,X,X,E,
1419.79544,Peptide [M+H]+,[M+H]+,LGLDIEIATYRR,Peptide,keratin (human),X,X,G,
1419.87974,Tween [AB22+Na]+,[AB22+Na]+,[C24H44O6][C2H4O]n,Tween,Tween 80,X,X,"D, K",
1421.89539,Tween [AB22+Na]+,[AB22+Na]+,[C24H46O6][C2H4O]n,Tween,Tween 60,X,X,"D, K",
1424.764477,Peptide [M+H]+,[M+H]+,AAKIITHPNFNGN,Peptide,"porcine trypsin, methylated",X,X,J,
1425.85392,Tween [AB24+Na]+,[AB24+Na]+,[C18H34O6][C2H4O]n,Tween,Tween 20,X,X,"D, K",
1433.72056,Peptide [M+H]+,[M+H]+,LQGIVSWGSGCAQK,Peptide,bovine trypsin,X,X,G,
1434.769957,Peptide [M+H]+,[M+H]+,IRLENEIQTYR,Peptide,keratin (human),X,X,G,
1437.890305,Tween [AB23+Na]+,[AB23+Na]+,[C22H42O6][C2H4O]n,Tween,Tween 40,X,X,"D, K",
1438.74374,Peptide [M+H]+,[M+H]+,NNQFASFIDKVR,Peptide,keratin (human),X,X,G,
1439.811761,Peptide [M+H]+,[M+H]+,RHPEYAVSVLLR,Peptide,bovine serum albumin (BSA),X,X,E,
1442.800194,Peptide [M+H]+,[M+H]+,LPDIFEAQIAGLR,Peptide,keratin,X,X,E,
1443.642041,Peptide [M+H]+,[M+H]+,YICcamDNQDTISSK,Peptide,bovine serum albumin (BSA),X,X,E,
1447.7751,Peptide [M+H]+,[M+H]+,AIGGGLSSVGGGSSTIK,Peptide,keratin (human),X,X,G,
1449.715479,Peptide [M+H]+,[M+H]+,LQGIVSWGSGCAQK (W - oxid. I),Peptide,bovine trypsin,X,X,G,
1453.837308,Peptide [M+H]+,[M+H]+,EVTINQSLLAPLR,Peptide,keratin,X,X,E,
1463.905955,Tween [AB23+Na]+,[AB23+Na]+,[C24H44O6][C2H4O]n,Tween,Tween 80,X,X,"D, K",
1465.710394,Peptide [M+H]+,[M+H]+,LQGIVSWGSGCAQK (W - oxid. II),Peptide,bovine trypsin,X,X,G,
1465.921605,Tween [AB23+Na]+,[AB23+Na]+,[C24H46O6][C2H4O]n,Tween,Tween 60,X,X,"D, K",
1469.880135,Tween [AB25+Na]+,[AB25+Na]+,[C18H34O6][C2H4O]n,Tween,Tween 20,X,X,"D, K",
1475.74888,Peptide [M+H]+,[M+H]+,WELLQQVDTSTR,Peptide,keratin (human),X,X,"E, G",
1475.78527,Peptide [M+H]+,[M+H]+,FLEQQNQVLQTK,Peptide,keratin (human),X,X,"E, G",
1476.805674,Peptide [M+H]+,[M+H]+,FLEQQNKVLETK,Peptide,keratin,X,X,E,
1479.795443,Peptide [M+H]+,[M+H]+,LGEYGFQNALIVR,Peptide,bovine serum albumin (BSA),X,X,E,
1481.91652,Tween [AB24+Na]+,[AB24+Na]+,[C22H42O6][C2H4O]n,Tween,Tween 40,X,X,"D, K",
1490.742028,Peptide [M+H]+,[M+H]+,LQGIVSWGSGCcamAQK,Peptide,bovine trypsin,X,X,G,
1491.743803,Peptide [M+H]+,[M+H]+,WELLQQVDTSTR (W - oxid. I),Peptide,keratin (human),X,X,G,
1491.751847,Peptide [M+H]+,[M+H]+,FYAPELLYYANK,Peptide,bovine serum albumin (BSA),X,X,E,
1493.599525,Peptide [M+H]+,[M+H]+,DSCQGDSGGPVVCSGK ox. S-S bond,Peptide,porcine trypsin,X,X,J,
1493.734301,Peptide [M+H]+,[M+H]+,SQYEQLAEQNRK,Peptide,keratin (human),X,X,"E, G",
1495.615175,Peptide [M+H]+,[M+H]+,DSCQGDSGGPVVCSGK,Peptide,bovine trypsin,X,X,G,
1507.738718,Peptide [M+H]+,[M+H]+,WELLQQVDTSTR (W - oxid. II),Peptide,keratin (human),X,X,G,
1507.93217,Tween [AB24+Na]+,[AB24+Na]+,[C24H44O6][C2H4O]n,Tween,Tween 80,X,X,"D, K",
1509.94782,Tween [AB24+Na]+,[AB24+Na]+,[C24H46O6][C2H4O]n,Tween,Tween 60,X,X,"D, K",
1513.90635,Tween [AB26+Na]+,[AB26+Na]+,[C18H34O6][C2H4O]n,Tween,Tween 20,X,X,"D, K",
1521.75436,Peptide [M+H]+,[M+H]+,NVVEGNEQFISASK,Peptide,bovine trypsin,X,X,G,
1522.731858,Peptide [M+H]+,[M+H]+,LQGIVSWoxGSGCcamAQK,Peptide,bovine trypsin,X,X,G,
1525.942735,Tween [AB25+Na]+,[AB25+Na]+,[C22H42O6][C2H4O]n,Tween,Tween 40,X,X,"D, K",
1549.677198,Peptide [M+H]+,[M+H]+,SGGGGGGGGCcamGGGGGVSSLR,Peptide,keratin,X,X,E,
1551.958385,Tween [AB25+Na]+,[AB25+Na]+,[C24H44O6][C2H4O]n,Tween,Tween 80,X,X,"D, K",
1553.974035,Tween [AB25+Na]+,[AB25+Na]+,[C24H46O6][C2H4O]n,Tween,Tween 60,X,X,"D, K",
1557.932565,Tween [AB27+Na]+,[AB27+Na]+,[C18H34O6][C2H4O]n,Tween,Tween 20,X,X,"D, K",
1566.73944,Peptide [M+H]+,[M+H]+,LGEHNIDVLEGNEQ,Peptide,"porcine trypsin, truncated",X,X,"E, G",
1567.74274,Peptide [M+H]+,[M+H]+,DAFLGSFLYEYSR,Peptide,bovine serum albumin (BSA),X,X,E,
1569.96895,Tween [AB26+Na]+,[AB26+Na]+,[C22H42O6][C2H4O]n,Tween,Tween 40,X,X,"D, K",
1585.7584,Peptide [M+H]+,[M+H]+,VQALEEANNDLENK,Peptide,keratin (human),X,X,"E, G",
1595.9846,Tween [AB26+Na]+,[AB26+Na]+,[C24H44O6][C2H4O]n,Tween,Tween 80,X,X,"D, K",
1598.00025,Tween [AB26+Na]+,[AB26+Na]+,[C24H46O6][C2H4O]n,Tween,Tween 60,X,X,"D, K",
1599.833681,Peptide [M+H]+,[M+H]+,NKLNDLEDALQQAK,Peptide,keratin,X,X,E,
1601.95878,Tween [AB28+Na]+,[AB28+Na]+,[C18H34O6][C2H4O]n,Tween,Tween 20,X,X,"D, K",
1613.995165,Tween [AB27+Na]+,[AB27+Na]+,[C22H42O6][C2H4O]n,Tween,Tween 40,X,X,"D, K",
1623.885321,Peptide [M+H]+,[M+H]+,EQFINAAKIITHPN,Peptide,"porcine trypsin, methylated",X,X,J,
1638.76566,Peptide [M+H]+,[M+H]+,SLNNQFASFIDKVR,Peptide,keratin (human),X,X,G,
1640.010815,Tween [AB27+Na]+,[AB27+Na]+,[C24H44O6][C2H4O]n,Tween,Tween 80,X,X,"D, K",
1639.937751,Peptide [M+H]+,[M+H]+,KVPQVSTPTLVEVSR,Peptide,bovine serum albumin (BSA),X,X,E,
1642.026465,Tween [AB27+Na]+,[AB27+Na]+,[C24H46O6][C2H4O]n,Tween,Tween 60,X,X,"D, K",
1645.984995,Tween [AB29+Na]+,[AB29+Na]+,[C18H34O6][C2H4O]n,Tween,Tween 20,X,X,"D, K",
1657.79287,Peptide [M+H]+,[M+H]+,SGGGFSSGSAGIINYQR,Peptide,keratin (human),X,X,"E, G",
1658.02138,Tween [AB28+Na]+,[AB28+Na]+,[C22H42O6][C2H4O]n,Tween,Tween 40,X,X,"D, K",
1665.90443,Peptide [M+H]+,[M+H]+,TKPSQARGFHPRAGR,Peptide,keratin (human),X,X,G,
1676.776227,Peptide [M+H]+,[M+H]+,LGEDNINVVEGNEQF,Peptide,bovine trypsin,X,X,J,
1684.03703,Tween [AB28+Na]+,[AB28+Na]+,[C24H44O6][C2H4O]n,Tween,Tween 80,X,X,"D, K",
1686.05268,Tween [AB28+Na]+,[AB28+Na]+,[C24H46O6][C2H4O]n,Tween,Tween 60,X,X,"D, K",
1687.97011,Peptide [M+H]+,[M+H]+,SLVNLGGSKSISISVAR,Peptide,keratin (human),X,X,G,
1690.01121,Tween [AB30+Na]+,[AB30+Na]+,[C18H34O6][C2H4O]n,Tween,Tween 20,X,X,"D, K",
1702.047595,Tween [AB29+Na]+,[AB29+Na]+,[C22H42O6][C2H4O]n,Tween,Tween 40,X,X,"D, K",
1707.77214,Peptide [M+H]+,[M+H]+,GSLGGGFSSGGFSGGSFSR,Peptide,keratin (human),X,X,"E, G",
1708.713249,Peptide [M+H]+,[M+H]+,FSSCGGGGGSFGAGGGFGSR,Peptide,keratin (human),X,X,G,
1713.80785,Peptide [M+H]+,[M+H]+,LGEHNIDVLEGNEQF,Peptide,"porcine trypsin, truncated",X,X,"E, G",
1716.85112,Peptide [M+H]+,[M+H]+,QISNLQQSISDAEQR,Peptide,keratin (human),X,X,"E, G",
1725.862872,Peptide [M+H]+,[M+H]+,VCNYVSWIKQTIASN,Peptide,bovine trypsin,X,X,G,
1728.063245,Tween [AB29+Na]+,[AB29+Na]+,[C24H44O6][C2H4O]n,Tween,Tween 80,X,X,"D, K",
1730.078895,Tween [AB29+Na]+,[AB29+Na]+,[C24H46O6][C2H4O]n,Tween,Tween 60,X,X,"D, K",
1734.037425,Tween [AB31+Na]+,[AB31+Na]+,[C18H34O6][C2H4O]n,Tween,Tween 20,X,X,"D, K",
1744.92283,Peptide [M+H]+,[M+H]+,NNLEPILEGYISNLR,Peptide,keratin (human),X,X,G,
1746.07381,Tween [AB30+Na]+,[AB30+Na]+,[C22H42O6][C2H4O]n,Tween,Tween 40,X,X,"D, K",
1757.852702,Peptide [M+H]+,[M+H]+,VCNYVSWIKQTIASN (W - oxid.),Peptide,bovine trypsin,X,X,G,
1765.734713,Peptide [M+H]+,[M+H]+,FSSCcamGGGGGSFGAGGGFGSR,Peptide,keratin (human),X,X,"E, G",
1772.08946,Tween [AB30+Na]+,[AB30+Na]+,[C24H44O6][C2H4O]n,Tween,Tween 80,X,X,"D, K",
1774.10511,Tween [AB30+Na]+,[AB30+Na]+,[C24H46O6][C2H4O]n,Tween,Tween 60,X,X,"D, K",
1774.850259,Peptide [M+H]+,[M+H]+,IVGGYTCGANTVPY & CLK via S-S bond,Peptide,bovine trypsin,X,X,J,
1774.897,Peptide [M+H]+,[M+H]+,NIDVLEGNEQFINAAK,Peptide,porcine trypsin,X,X,G,
1778.06364,Tween [AB32+Na]+,[AB32+Na]+,[C18H34O6][C2H4O]n,Tween,Tween 20,X,X,"D, K",
1790.100025,Tween [AB31+Na]+,[AB31+Na]+,[C22H42O6][C2H4O]n,Tween,Tween 40,X,X,"D, K",
1791.727715,Peptide [M+H]+,[M+H]+,GGSGGSYGGGGSGGGYGGGSGSR,Peptide,keratin (human),X,X,"E, G",
1792.878583,Peptide [M+H]+,[M+H]+,LEAELGNMQGLVEDFK,Peptide,keratin,X,X,E,
1797.011645,Peptide [M+H]+,[M+H]+,NVQALEIELQSQLALK,Peptide,keratin,X,X,E,
1816.115675,Tween [AB31+Na]+,[AB31+Na]+,[C24H44O6][C2H4O]n,Tween,Tween 80,X,X,"D, K",
1818.131325,Tween [AB31+Na]+,[AB31+Na]+,[C24H46O6][C2H4O]n,Tween,Tween 60,X,X,"D, K",
1830.840558,Peptide [M+H]+,[M+H]+,SDQYGRVFTSWTGGGAAA,Peptide,lysyl endopeptidase (Lys-C),X,X,E,
1834.12624,Tween [AB32+Na]+,[AB32+Na]+,[C22H42O6][C2H4O]n,Tween,Tween 40,X,X,"D, K",
1837.965424,Peptide [M+H]+,[M+H]+,HGVQELEIELQSQLSK,Peptide,keratin,X,X,E,
1838.914391,Peptide [M+H]+,[M+H]+,SISISVAGGGGGFGAAGGFGGR,Peptide,keratin (human),X,X,G,
1847.805101,Peptide [M+H]+,[M+H]+,SNMDNMFESYINNLR,Peptide,keratin,X,X,E,
1851.92693,Peptide [M+H]+,[M+H]+,TLNDMRQEYEQLIAK,Peptide,keratin,X,X,E,
1860.14189,Tween [AB32+Na]+,[AB32+Na]+,[C24H44O6][C2H4O]n,Tween,Tween 80,X,X,"D, K",
1862.15754,Tween [AB32+Na]+,[AB32+Na]+,[C24H46O6][C2H4O]n,Tween,Tween 60,X,X,"D, K",
1940.934853,Peptide [M+H]+,[M+H]+,LGEHNIDVLEGNEQFIN,Peptide,"porcine trypsin, truncated, methylated",X,X,"E, J",
1987.078011,Peptide [M+H]+,[M+H]+,"TLDNDIMLIKLSSPATLN, K methylated",Peptide,"porcine trypsin, methylated",X,X,J,
1993.976657,Peptide [M+H]+,[M+H]+,THNLEPYFESFINNLR,Peptide,keratin (human),X,X,"E, K",
1993.982532,Peptide [M+H]+,[M+H]+,SSGGSSSVKFVSTTYSGVTR,Peptide,keratin (human),X,X,G,
2003.072926,Peptide [M+H]+,[M+H]+,"TLDNDIMoxLIKLSSPATLN, K methylated",Peptide,"porcine trypsin, methylated",X,X,J,
2021.98868,Peptide [M+H]+,[M+H]+,SSGGSSSVRFVSTTYSGVTR ,Peptide,keratin (human),X,X,G,
2055.014851,Peptide [M+H]+,[M+H]+,RVLGQLHGGPSSCcamSATGTNR,Peptide,lysyl endopeptidase (Lys-C),X,X,E,
2082.964834,Peptide [M+H]+,[M+H]+,AETECcamQNTEYQQLLDIK,Peptide,keratin,X,X,E,
2083.009081,Peptide [M+H]+,[M+H]+,LGEHNIDVLEGNEQFINAA,Peptide,"porcine trypsin, truncated",X,X,E,
2109.012847,Peptide [M+H]+,[M+H]+,ELQSQISDTSVVLSMDNSR,Peptide,keratin,X,X,E,
2150.077768,Peptide [M+H]+,[M+H]+,THNLEPYFESFINNLRR,Peptide,keratin (human),X,X,K,
2155.085222,Peptide [M+H]+,[M+H]+,IITHPNFNGNTLDNDIMLI,Peptide,"trypsin-like artefact, truncated",X,X,E,
2163.05642,Peptide [M+H]+,[M+H]+,LGEDNINVVEGNEQFISASK,Peptide,bovine trypsin,X,X,G,
2171.024657,Peptide [M+H]+,[M+H]+,SDLEMQYETLQEELMALK,Peptide,keratin,X,X,E,
2184.125508,Peptide [M+H]+,[M+H]+,NKLNDLEDALQQAKEDLAR,Peptide,keratin,X,X,E,
2185.03837,Peptide [M+Na]+,[M+Na]+,LGEDNINVVEGNEQFISASK sodiated,Peptide,bovine trypsin,X,X,"G, K",
2193.002481,Peptide [M+H]+,[M+H]+,MFCAGYLEGGK & APILSDSSCK via S-S bond,Peptide,bovine trypsin,X,X,J,
2193.994359,Peptide [M+K]+,[M+K]+,SAYPGQITSNMFCAGYLEGGK,Peptide,bovine trypsin,X,X,"G, K",
2201.012307,Peptide [M+H]+,[M+H]+,LGEDNINVVEGNEQFISASK potassiated,Peptide,bovine trypsin,X,X,"G, K",
2208.997396,Peptide [M+H]+,[M+H]+,MoxFCAGYLEGGK & APILSDSSCK via S-S bond,Peptide,bovine trypsin,X,X,J,
2209.989274,Peptide [M+H]+,[M+H]+,SAYPGQITSNMoxFCAGYLEGGK ,Peptide,bovine trypsin,X,X,"G, K",
2211.10404,Peptide [M+H]+,[M+H]+,LGEHNIDVLEGNEQFINAAK,Peptide,porcine trypsin,X,X,"G, K",
2225.119694,Peptide [M+H]+,[M+H]+,"LGEHNIDVLEGNEQFINAAK, K part. methylated",Peptide,porcine trypsin,X,X,"G, K",
2225.156079,Peptide [f+H]+,[f+H]+,SIVHPSYNSNTLNNDIMoxLIK -[CH3SOH],Peptide,"bovine trypsin, ion source fragment",X,X,"G, K",
2239.135344,Peptide [M+H]+,[M+H]+,"LGEHNIDVLEGNEQFINAAK, K methylated",Peptide,porcine trypsin,X,X,"G, K",
2240.169664,Peptide [M+H]+,[M+H]+,ADLEFQIESLTEELAYLKK,Peptide,keratin,X,X,E,
2251.015823,Peptide [M+H]+,[M+H]+,SAYPGQITSNMFCcamAGYLEGGK,Peptide,bovine trypsin,X,X,G,
2267.010738,Peptide [M+H]+,[M+H]+,SAYPGQITSNMoxFCcamAGYLEGGK,Peptide,bovine trypsin,X,X,G,
2273.15944,Peptide [M+H]+,[M+H]+,SIVHPSYNSNTLNNDIMLIK,Peptide,bovine trypsin,X,X,"G, K",
2283.18018,Peptide [M+H]+,[M+H]+,IITHPNFNGNTLDNDIMLIK,Peptide,bovine trypsin,X,X,"G, K",
2283.18018,Peptide [M+H]+,[M+H]+,IITHPNFNGNTLDNDIMLIK,Peptide,porcine trypsin,X,X,"G, K",
2286.12484,Peptide [M+H]+,[M+H]+,AEAESLYQSKYEELQITAGR,Peptide,keratin (human),X,X,G,
2289.154365,Peptide [M+H]+,[M+H]+,SIVHPSYNSNTLNNDIMoxLIK (M - oxid.),Peptide,bovine trypsin,X,X,"G, K",
2295.141394,Peptide [M+Na]+,[M+Na]+,SIVHPSYNSNTLNNDIMLIK sodiated,Peptide,bovine trypsin,X,X,"G, K",
2297.195835,Peptide [M+H]+,[M+H]+,"IITHPNFNGNTLDNDIMLIK, K part. methylated",Peptide,"porcine trypsin, methylated",X,X,J,
2305.14928,Peptide [M+H]+,[M+H]+,SIVHPSYNSNTLNNDIMoxoxLIK (M - 2 oxid.),Peptide,bovine trypsin,X,X,"G, K",
2311.136309,Peptide [M+Na]+,[M+Na]+,SIVHPSYNSNTLNNDIMoxLIK (M - oxid.) sodiated,Peptide,bovine trypsin,X,X,"G, K",
2321.207068,Peptide [M+H]+,[M+H]+,LQGIVSWGSGCAQKNKPGVYTK,Peptide,bovine trypsin,X,X,"G, K",
2329.17425,Peptide [M+H]+,[M+H]+,QISNLQQSISDAEQRGENALK,Peptide,keratin,X,X,E,
2343.189012,Peptide [M+Na]+,[M+Na]+,LQGIVSWGSGCAQKNKPGVYTK sodiated,Peptide,bovine trypsin,X,X,"G, K",
2353.196898,Peptide [M+H]+,[M+H]+,LQGIVSWGSGCAQKNKPGVYTK (W - oxid.),Peptide,bovine trypsin,X,X,"G, K",
2367.26267,Peptide [M+H]+,[M+H]+,NQILNLTTDNANILLQIDNAR,Peptide,keratin (human),X,X,G,
2375.178842,Peptide [M+Na]+,[M+Na]+,LQGIVSWGSGCAQKNKPGVYTK (W - oxid.) sodiated,Peptide,bovine trypsin,X,X,"G, K",
2383.951857,Peptide [M+H]+,[M+H]+,GGGGGGYGSGGSSYGSGGGSYGSGGGGGGGR,Peptide,keratin (human),X,X,G,
2400.27441,Peptide [M+H]+,[M+H]+,IIKHPNYSSWTLNNDIMLIK,Peptide,bovine trypsin,X,X,"G, K",
2501.067221,Peptide [M+H]+,[M+H]+,AAFGGSGGRGSSSGGGYSSGSSSYGSGGR,Peptide,keratin (human),X,X,G,
2501.25182,Peptide [M+H]+,[M+H]+,SKAEAESLYQSKYEELQITAGR,Peptide,keratin (human),X,X,G,
2510.13177,Peptide [M+H]+,[M+H]+,EIETYHNLLEGGQEDFESSGAGK,Peptide,keratin (human),X,X,"E, G",
2514.33847,Peptide [M+H]+,[M+H]+,SIVHPSYNSNTLNNDIMLIKLK,Peptide,bovine trypsin,X,X,"G, K",
2530.333392,Peptide [M+H]+,[M+H]+,SIVHPSYNSNTLNNDIMoxLIKLK,Peptide,bovine trypsin,X,X,"G, K",
2550.232693,Peptide [M+H]+,[M+H]+,"VASISLPTSCASAGTQCLISGWGNTK, -S-S-bond",Peptide,bovine trypsin,X,X,J,
2552.248343,Peptide [M+H]+,[M+H]+,VASISLPTSCASAGTQCLISGWGNTK ,Peptide,bovine trypsin,X,X,J,
2564.180931,Peptide [M+H]+,[M+H]+,"SGSHFCGGSLINSQWVVSAAHCYK, -S-S- bond",Peptide,"porcine trypsin, methylated",X,X,J,
2564.367864,Peptide [M+H]+,[M+H]+,EVTQLRHGVQELEIELQSQLSK,Peptide,keratin,X,X,E,
2566.278381,Peptide [M+H]+,[M+H]+,SKEEAEALYHSKYEELQVTVGR,Peptide,keratin (human),X,X,G,
2581.194729,Peptide [M+H]+,[M+H]+,FSGECcamAPNVSVSVSTSHTTISGGGSR,Peptide,keratin,X,X,E,
2612.180931,Peptide [M+H]+,[M+H]+,"SGYHFCGGSLINSQWVVSAAHCYK, -S-S- bond",Peptide,bovine trypsin,X,X,J,
2613.349376,Peptide [M+H]+,[M+H]+,NKPGVYTKVCNYVSWIKQTIASN,Peptide,bovine trypsin,X,X,J,
2614.196581,Peptide [M+H]+,[M+H]+,SGYHFCGGSLINSQWVVSAAHCYK,Peptide,bovine trypsin,X,X,J,
2666.291271,Peptide [M+H]+,[M+H]+,VASISLPTSCcamASAGTQCcamLISGWGNTK ,Peptide,bovine trypsin,X,X,J,
2670.37084,Peptide [M+H]+,[M+H]+,NKPGVYTKVCcamNYVSWIKQTIASN,Peptide,bovine trypsin,X,X,J,
2705.161121,Peptide [M+H]+,[M+H]+,GGGGSFGYSYGGGSGGGFSASSLGGGFGGGSR,Peptide,keratin,X,X,E,
2707.416211,Peptide [M+H]+,[M+H]+,IQVRLGEHNIDVLEGNEQFINAAK,Peptide,"porcine trypsin, methylated",X,X,J,
2720.363373,Peptide [M+H]+,[M+H]+,"IVGGYTCAAN & TKSSGSSYPSLLQCLK, via S-S bond",Peptide,"porcine trypsin, methylated",X,X,J,
2728.239509,Peptide [M+H]+,[M+H]+,SGYHFCcamGGSLINSQWVVSAAHCcamYK,Peptide,bovine trypsin,X,X,J,
2746.419248,Peptide [M+H]+,[M+H]+,YCcamVQLSQIQAQISALEEQLQQIR,Peptide,keratin,X,X,E,
2748.394673,Peptide [M+H]+,[M+H]+,"IVGGYTCAAN & TKSSGSSYPSLLQCLK, via S-S bond, N-term. Methyl.",Peptide,"porcine trypsin, methylated",X,X,J,
2807.314071,Peptide [M+H]+,[M+H]+,"SGSHFCGGSLINSQWVVSAAHCYKSR, -S-S- bond",Peptide,"porcine trypsin, methylated",X,X,J,
2872.392777,Peptide [M+H]+,[M+H]+,NVSTGDVNVEMNAAPGVDLTQLLNNMR,Peptide,keratin,X,X,E,
2902.410519,Peptide [M+H]+,[M+H]+,NYSPYYNTIDDLKDQIVDLTVGNNK,Peptide,keratin,X,X,E,
2904.382607,Peptide [M+H]+,[M+H]+,NVSTGDVNVEMoxNAAPGVDLTQLLNNMoxR,Peptide,keratin,X,X,E,
2914.505755,Peptide [M+H]+,[M+H]+,"LGEHNIDVLEGNEQFINAAKIITHPN, K methylated",Peptide,"porcine trypsin, methylated",X,X,J,
2932.51632,Peptide [M+H]+,[M+H]+,FLEQQNQVLQTKWELLQQVDTSTR,Peptide,keratin (human),X,X,G,
3211.474459,Peptide [M+H]+,[M+H]+,SAYPGQITSNMFCAGYLEGGK & APILSDSSCK via S-S bond,Peptide,bovine trypsin,X,X,J,
3223.281588,Peptide [M+H]+,[M+H]+,GGSGGSHGGGSGFGGESGGSYGGGEEASGSGGGYGGGSGK,Peptide,keratin,X,X,E,
3227.469374,Peptide [M+H]+,[M+H]+,SAYPGQITSNMoxFCAGYLEGGK & APILSDSSCK via S-S bond,Peptide,bovine trypsin,X,X,J,
3312.308137,Peptide [M+H]+,[M+H]+,GSYGSGGSSYGSGGGSYGSGGGGGGHGSYGSGSSSGGYR,Peptide,keratin (human),X,X,G,
3337.732144,Peptide [M+H]+,[M+H]+,IITHPNFNGNTLDNDIMLIRLSSPATLNSR,Peptide,"trypsin-like artefact, truncated",X,X,E,
3346.681489,Peptide [M+H]+,[M+H]+,"LGEHNIDVLEGNEQFINAAKIITHPNFNGN, K methylated",Peptide,"porcine trypsin, methylated",X,X,J,
3353.727059,Peptide [M+H]+,[M+H]+,IITHPNFNGNTLDNDIMoxLIRLSSPATLNSR,Peptide,"trypsin-like artefact, truncated",X,X,E,
