Monoisotopic ion mass (singly charged),Ion type,Formula for M or subunit or sequence,Compound ID or species,Possible origin and other comments ,ESI,MALDI,References ,
33.033491,[M+H]+,CH3OH,Methanol,"Acetonitrile, solvent",X,,A,
42.033825,[M+H]+,CH3CN,ACN,"Acetonitrile, solvent",X,,A,
59.060374,[M+NH4]+,CH3CN,ACN,"Acetonitrile, solvent",X,,"A, F",
63.044056,[A1B+H]+,[C2H4O]nH2O,PEG,"Polyethylene glycol, ubiquitous polyether",X,,"D, K",
64.015769,[M+Na]+,CH3CN,ACN,"Acetonitrile, solvent",X,,"A, F",
65.059706,[M2+H]+,CH3OH,Methanol,"Methanol, solvent",X,,A,
74.06004,[M+H]+,C3H7NO,Dimethyl formamide,solvent,X,,"A, C, F",
74.06004,[A1B1+H]+,(CH3CN)n(CH3OH)m,Acetonitrile/Methanol,ESI solvents,X,,K,
77.059706,[A1B+H]+,[C3H6O]nH2O,PPG,"Polypropylene glycol, ubiquitous polyether",X,,"D, K",
79.021212,[M+H]+,C2H6OS,DMSO,"Dimethylsulfoxide, solvent",X,,A,
83.060374,[M2+H]+,CH3CN,Acetonitrile,ESI solvents,X,,"A, C",
85.026,[A1B+Na]+,[C2H4O]nH2O,PEG,"Polyethylene glycol, ubiquitous polyether",X,,"D, K",
85.058868,[M+H]+,C2D6OS,d6-DMSO,"d6-Dimethylsulfoxide, solvent",X,,A,
88.039305,[A1B1+H]+,(CH3CN)n(HCOOH)m,Acetonitrile/Formic Acid,ESI solvents,X,,"A, C",
96.041984,[A1B1+Na]+,(CH3CN)n(CH3OH)m,Acetonitrile/Methanol,ESI solvents,X,,C,
99.04165,[A1B+Na]+,[C3H6O]nH2O,PPG,"Polypropylene glycol, ubiquitous polyether",X,,"D, K",
100.07569,[M+H]+,C5H10NO,NMP,"N-methyl 2-pyrrolidone; solvent, floor stripper",X,,K,
100.999937,[A1B+K]+,[C2H4O]nH2O,PEG,"Polyethylene glycol, ubiquitous polyether",X,,"D, K",
101.003156,[M+Na]+,C2H6OS,DMSO,"Dimethylsulfoxide, solvent",X,,"A, C",
101.080836,[A2B2+H]+,[MeOH]n[H2O]m,Methanol/Water,ESI solvents,X,,K,
102.054955,[A1B1+H]+,(CH3CN)n(CH3COOH)m,Acetonitrile/Acetic Acid,ESI solvents,X,,K,
102.127725,[M+H]+,C6H15N,TEA,"Triethylamine, buffer",X,,"A, C",
103.9556011,[M+63Cu]+,C2H3N,ACN,"Acetonitrile, solvent",X,,"A,C",
104.992294,[M+Na]+,C2H3O2Na,Sodium acetate,ESI solvents,X,,K,
105.042318,[M2+Na]+,C2H3N,ACN,"Acetonitrile, solvent",X,,"A,C",
105.9537937,[M+65Cu]+,C2H3N,ACN,"Acetonitrile, solvent",X,,"A, C",
107.070271,[A2B+H]+,[C2H4O]nH2O,PEG,"Polyethylene glycol, ubiquitous polyether",X,,"D, K",
115.015587,[A1B+K]+,[C3H6O]nH2O,PPG,"Polypropylene glycol, ubiquitous polyether",X,,"D, K",
115.086589,[A1B1+H]+,(CH3CN)n(C3H7NO)m,Acetonitrile/Dimethylformamide,solvent,X,,A,
120.047761,[M+CH3CN+H]+,C2H6OS,DMSO,"Dimethylsulfoxide, solvent",X,,A,
122.08117,[M+H]+,C4H11NO3,TRIS,"TRIS, buffer",X,,A,
123.06278,[A2B2+Na]+,[MeOH]n[H2O]m,Methanol/Water,ESI solvents,X,,K,
123.091674,[M+H]+,C7H10N2,DMAP,"Dimethylaminopyridine, solvent",X,,"A, C",
124.036899,[A1B1+Na]+,(CH3CN)n(CH3COOH)m,Acetonitrile/Acetic Acid,ESI solvents,X,,K,
129.052215,[A2B+Na]+,[C2H4O]nH2O,PEG,"Polyethylene glycol, ubiquitous polyether",X,,"D, K",
130.159025,[M+H]+,C8H19N,DIPEA,"Diisopropylethylamine, solvent",X,,A,
132.904901,M+,Cs,Cs-133,"Cesium, from Cesium Iodide used as calibrant",X,,V,
133.107051,[A3B2+H]+,[MeOH]n[H2O]m,Methanol/Water,ESI solvents,X,,K,
135.101571,[A2B+H]+,[C3H6O]nH2O,PPG,"Polypropylene glycol, ubiquitous polyether",X,,"D, K",
137.07431,[M+CH3CN+NH4]+,C2H6OS,DMSO,"Dimethylsulfoxide, solvent",X,,"A, F",
142.029705,[M+CH3CN+Na]+,C2H6OS,DMSO,"Dimethylsulfoxide, solvent",X,,A,
144.174675,[M+H]+,C9H21N,TPA,"Tripropylamine, solvent",X,,"A, C",
144.98215,[M2+63Cu]+,CH3CN,ACN,"Acetonitrile, solvent, together with m/z 147",X,,"A, C",
145.026152,[A2B+K]+,[C2H4O]nH2O,PEG,"Polyethylene glycol, ubiquitous polyether",X,,"D, K",
146.068867,[M3+Na]+,CH3CN,ACN,"Acetonitrile, solvent",X,,"A, C",
146.980343,[M2+65Cu]+,CH3CN,ACN,"Acetonitrile, solvent, together with m/z 145",X,,"A, C",
147.112804,[A2B2+H]+,(CH3CN)n(CH3OH)m,Acetonitrile/Methanol,ESI solvents,X,,K,
149.023321,[f+H]+,C8H4O3,Pthalic Anhydride,fragment ion originating from phthalate esters,X,,"A, Z",
150.127725,[M+H]+,C10H15N,Phenyldiethylamine,solvent,X,,"A, C",
151.096486,[A3B+H]+,[C2H4O]nH2O,PEG,"Polyethylene glycol, ubiquitous polyether",X,,"D, K",
153.138624,[M+H]+,C9H16N2,DBU,"1,8-Diazabicyclo[5.4.0]undec-7-ene",X,,"A, C",
155.088995,[A3B2+Na]+,[MeOH]n[H2O]m,Methanol/Water,ESI solvents,X,,K,
157.035148,[M2+H]+,C2H6OS,DMSO,"Dimethylsulfoxide, solvent",X,,"A, C",
157.083515,[A2B+Na]+,[C3H6O]nH2O,PPG,"Polypropylene glycol, ubiquitous polyether",X,,"D, K",
158.964029,[M+Na]+,C2F3O2Na,NaTFA,"Sodium trifluoroacetate, salt",X,,"A, C",
163.038971,[M-CH3OH+H]+,C10H10O4,Dimethyl phthalate,"Phthalate esters, plasticizer",X,,A,
163.132871,[M+H]+,C8H18O3,DGBE,"Diethylene glycol monobutyl ether, cpd. In scintillation cocktail",X,,Q,
169.094748,[A2B2+Na]+,(CH3CN)n(CH3OH)m,Acetonitrile/Methanol,ESI solvents,X,,K,
169.11046,[M2+H]+,C2D6OS,d6-DMSO,"d6-Dimethylsulfoxide, solvent",X,,A,
171.005265,[f+Na]+,C8H4O3,Phthalic anhydride,"from phthalate esters, plasticizer",X,,A,
172.039305,[M-H2O+H]+,C10H7NO3,4-HCCA,matrix compound,,X,"H, I, J",
173.057452,[A2B+K]+,[C3H6O]nH2O,PPG,"Polypropylene glycol, ubiquitous polyether",X,,"D, K",
173.07843,[A3B+Na]+,[C2H4O]nH2O,PEG,"Polyethylene glycol, ubiquitous polyether",X,,"D, K",
179.017092,[M2+Na]+,C2H6OS,DMSO,"Dimethylsulfoxide, solvent",X,,"A, C",
181.122306,[M+H]+,C11H16O2,BHA,"Butylated hydroxyanisole, antioxidant additives",X,,K,
183.080441,[M+H]+,C13H10O,DPK,Diphenyl ketone,X,,K,
183.143831,[A4B3+H]+,[MeOH]n[H2O]m,Methanol/Water,ESI solvents,X,,K,
185.114815,[M+Na]+,C8H18O3,GE,glycol ether,X,,K,
186.221625,[M+H]+,C12H27N,TBA,"Tributylamine, solvent",X,,A,
189.052367,[A3B+K]+,[C2H4O]nH2O,PEG,"Polyethylene glycol, ubiquitous polyether",X,,"D, K",
190.04987,[M+H]+,C10H7NO3,4-HCCA,matrix compound,,X,"H, I, J",
193.143436,[A3B+H]+,[C3H6O]nH2O,PPG,"Polypropylene glycol, ubiquitous polyether",X,,"D, K",
195.065186,[M+H]+,C10H10O4,Dimethyl phthalate,"Phthalate esters, plasticizer",X,,A,
195.122701,[A4B+H]+,[C2H4O]nH2O,PEG,"Polyethylene glycol, ubiquitous polyether",X,,"D, K",
203.10425,[M+Na]+,C11H16O2,BHA,"Butylated hydroxyanisole, antioxidant additives",X,,K,
205.125775,[A4B3+Na]+,[MeOH]n[H2O]m,Methanol/Water,ESI solvents,X,,K,
212.031814,[M+Na]+,C10H7NO3,4-HCCA,"matrix compound, sodiated",,X,"H, I, J",
214.089626,[M+H]+,C10H15NO2S,n-BBS,"n-butyl benzenesulfonamide, plasticizer",X,,"A, K",
215.12538,[A3B+Na]+,[C3H6O]nH2O,PPG,"Polypropylene glycol, ubiquitous polyether",X,,"D, K",
217.104645,[A4B+Na]+,[C2H4O]nH2O,PEG,"Polyethylene glycol, ubiquitous polyether",X,,"D, K",
221.189991,[M+H]+,C15H24O,BTH,"Butylated hydroxytoluene, Antioxidant",X,,K,
225.196139,[M+H]+,C13H24N2O,DCU,"N,N'-Dicyclohexylurea",X,,A,
228.005751,[M+K]+,C10H7NO3,4-HCCA,"matrix compound, potassiated",,X,"H, I, J",
231.099317,[A3B+K]+,[C3H6O]nH2O,PPG,"Polypropylene glycol, ubiquitous polyether",X,,"D, K",
231.116175,[M+NH4]+,C10H15NO2S,n-BBS,"n-butyl benzenesulfonamide, plasticizer",X,,A,
233.078582,[A4B+K]+,[C2H4O]nH2O,PEG,"Polyethylene glycol, ubiquitous polyether",X,,"D, K",
236.07157,[M+Na]+,C10H15NO2S,n-BBS,"n-butyl benzenesulfonamide, plasticizer",X,,A,
239.148916,[A5B+H]+,[C2H4O]nH2O,PEG,"Polyethylene glycol, ubiquitous polyether",X,,"D, K",
239.22485168,[(M.H35Cl)2-Cl]+,C6H15N,TEA.HCl,"Triethylamine-hydrochloride, buffer",X,,A,
241.22190159,[(M.H37Cl)2-Cl]+,C6H15N,TEA.HCl,"Triethylamine-hydrochloride, buffer",X,,A,
242.284225,M+,C16H36N,TBA,"Tetrabutylammonium, buffer",X,,"A, C",
243.116826,M+,C19H15,Trityl cation,"Trityl cation, [Ph3C]+",X,,A,
243.171935,[M+Na]+,C15H24O,BTH,"Butylated hytroxytoluene, Antioxidant additives",X,,K,
251.185301,[A4B+H]+,[C3H6O]nH2O,PPG,"Polypropylene glycol, ubiquitous polyether",X,,"D, K",
251.200556,[AB1+H]+,[C14H22O][C2H4O]n,Triton,"X-100, X-114, X-405, or X-45 Detergents",X,,"D, K",
257.031028,[M3+Na]+,C2H6OS,DMSO,"Dimethylsulfoxide, solvent",X,,A,
261.13086,[A5B+Na]+,[C2H4O]nH2O,PEG,"Polyethylene glycol, ubiquitous polyether",X,,"D, K",
265.216206,[AB1+H]+,[C15H24O][C2H4O]n,Triton,101 Detergents,X,,"D, K",
267.171973,[M+H]+,C12H27O4P,TBP,Tributylphosphate,X,,A,
273.127391,M+,C20H17O,MMT,Monomethoxytrityl cation,X,,A,
273.167245,[A4B+Na]+,[C3H6O]nH2O,PPG,"Polypropylene glycol, ubiquitous polyether",X,,"D, K",
273.1825,[AB1+Na]+,[C14H22O][C2H4O]n,Triton,"X-100, X-114, X-405, or X-45 Detergents",X,,"D, K",
277.104797,[A5B+K]+,[C2H4O]nH2O,PEG,"Polyethylene glycol, ubiquitous polyether",X,,"D, K",
279.093328,[M+H]+,C18H15OP,TPO,Triphenylphosphine oxide,X,,A,
279.159086,[M+H]+,C16H22O4,Dibutylphthalate,"Plasticiser, phtalate ester",X,,"A, C",
279.22945,[AB1+Na]+,[C14H28O][C2H4O]n,"Triton, reduced","X-100R, X-114R, X-405R, or X-45R Detergents",X,,"D, K",
282.27914,[M+H]+,C18H35NO,Oleamide,Slip agent in polyethylene films,X,,A,
283.175131,[A6B+H]+,[C2H4O]nH2O,PEG,"Polyethylene glycol, ubiquitous polyether",X,,"D, K",
284.29479,[M+H]+,C18H37NO,Stearamide,Slip agent in polyethylene films,X,,A,
287.19815,[AB1+Na]+,[C15H24O][C2H4O]n,Triton,101 Detergents,X,,"D, K",
288.25332,[M+H]+,C16H33NO3,"n,n-DDA","n,n-bis(2-hydroxyethyl) dodecanamide, anti-static agent",X,,A,
289.141182,[A4B+K]+,[C3H6O]nH2O,PPG,"Polypropylene glycol, ubiquitous polyether",X,,"D, K",
293.2451,[AB1+Na]+,[C15H30O][C2H4O]n,"Triton, reduced",101R Detergents,X,,"D, K",
295.226771,[AB2+H]+,[C14H22O][C2H4O]n,Triton,"X-100, X-114, X-405, or X-45 Detergents",X,,"D, K",
301.14103,[M+Na]+,C16H22O4,Dibutylphthalate,"Dibutylphthalate, plasticizer",X,,A,
304.261084,[M+Na]+,C18H35NO,Oleamide,Slip agent in polyethylene films,X,,A,
305.157075,[A6B+Na]+,[C2H4O]nH2O,PEG,"Polyethylene glycol, ubiquitous polyether",X,,"D, K",
306.276734,[M+Na]+,C18H37NO,Stearamide,Slip agent in polyethylene films,X,,A,
309.227166,[A5B+H]+,[C3H6O]nH2O,PPG,"Polypropylene glycol, ubiquitous polyether",X,,"D, K",
309.242421,[AB2+H]+,[C15H24O][C2H4O]n,Triton,101 Detergents,X,,"D, K",
315.252986,[M+H]+,C18H34O4,DBS,"Dibutyl sebacate, plasticizer",,,X,
317.114967,[M+K]+,C16H22O4,Dibutylphthalate,"Dibutylphthalate, plasticizer",X,,A,
317.208715,[AB2+Na]+,[C14H22O][C2H4O]n,Triton,"X-100, X-114, X-405, or X-45 Detergents",X,,"D, K",
321.131012,[A6B+K]+,[C2H4O]nH2O,PEG,"Polyethylene glycol, ubiquitous polyether",X,,"D, K",
323.255665,[AB2+Na]+,[C14H28O][C2H4O]n,"Triton, reduced","X-100R, X-114R, X-405R, or X-45R Detergents",X,,"D, K",
325.258466,[M2+H]+,C8H18O3,DGBE,"Diethylene glycol monobutyl ether, cpd. In scintillation cocktail",X,,Q,
327.078073,[M+H]+,C18H15O4P,TPP,"Triphenyl phosphate, flame retardant in plastics",X,,X,
327.201346,[A7B+H]+,[C2H4O]nH2O,PEG,"Polyethylene glycol, ubiquitous polyether",X,,"D, K",
331.20911,[A5B+Na]+,[C3H6O]nH2O,PPG,"Polypropylene glycol, ubiquitous polyether",X,,"D, K",
331.224365,[AB2+Na]+,[C15H24O][C2H4O]n,Triton,101 Detergents,X,,"D, K",
337.118405,[M+H]+,  (120Sn),C13H28O2Sn,Tributyl tin formate,"Tributyl tin formate, catalyst",X,,A
337.271315,[AB2+Na]+,[C15H30O][C2H4O]n,"Triton, reduced",101R Detergents,X,,"D, K",
338.34174,[M+H]+,C22H43NO,Erucamide,"Erucamide, (Cis-13-docosenoic amide)",X,,A,
339.252986,[AB3+H]+,[C14H22O][C2H4O]n,Triton,"X-100, X-114, X-405, or X-45 Detergents",X,,"D, K",
347.183047,[A5B+K]+,[C3H6O]nH2O,PPG,"Polypropylene glycol, ubiquitous polyether",X,,"D, K",
349.18329,[A7B+Na]+,[C2H4O]nH2O,PEG,"Polyethylene glycol, ubiquitous polyether",X,,"D, K",
353.268636,[AB3+H]+,[C15H24O][C2H4O]n,Triton,101 Detergents,X,,"D, K",
355.069936,[M+H-CH4]+,[C2H6SiO]5,Polysiloxane,"Polysiloxane, (neutral methane loss from m/z 371)",X,,"A, C, L",
355.368289,[M-Cl]+,C22H47N2OCl,,"Palmitamidopropyl-trimonium chloride, personal care products additive",X,,O,
360.323684,[M+Na]+,C22H43NO,Erucamide,"Erucamide, (Cis-13-docosenoic amide)",X,,A,
361.23493,[AB3+Na]+,[C14H22O][C2H4O]n,Triton,"X-100, X-114, X-405, or X-45 Detergents",X,,"D, K",
365.157227,[A7B+K]+,[C2H4O]nH2O,PEG,"Polyethylene glycol, ubiquitous polyether",X,,"D, K",
367.269031,[A6B+H]+,[C3H6O]nH2O,PPG,"Polypropylene glycol, ubiquitous polyether",X,,"D, K",
367.28188,[AB3+Na]+,[C14H28O][C2H4O]n,"Triton, reduced","X-100R, X-114R, X-405R, or X-45R Detergents",X,,"D, K",
368.425075,[M-Cl]+,C25H54NCl,BTAC-228,"Behentrimonium chloride, personal care product additive",X,,O,
371.101236,[M+H]+,[C2H6SiO]5,Polysiloxane,"Polysiloxane, followed by m/z 388",X,,"A, C., E, L",
371.227561,[A8B+H]+,[C2H4O]nH2O,PEG,"Polyethylene glycol, ubiquitous polyether",X,,"D, K",
371.315586,[M+H]+,C22H42O4,DEHA,"Bis(2-ethylhexyl) adipate, plasticizer",X,,"N, X",
371.315586,[M+H]+,C22H42O4,DOA,"Dioctyl adipate, plasticizer",X,,X,
375.25058,[AB3+Na]+,[C15H24O][C2H4O]n,Triton,101 Detergents,X,,"D, K",
379.092464,[M2+H]+,C10H7NO3,4-HCCA,"matrix cluster, dimer",,X,"H, I, J",
381.29753,[AB3+Na]+,[C15H30O][C2H4O]n,"Triton, reduced",101R Detergents,X,,"D, K",
383.279201,[AB4+H]+,[C14H22O][C2H4O]n,Triton,"X-100, X-114, X-405, or X-45 Detergents",X,,"D, K",
388.127785,[M+NH4]+,[C2H6SiO]5,Polysiloxane,"Polysiloxane, (see m/z 371)",X,,"A, C, L",
389.250975,[A6B+Na]+,[C3H6O]nH2O,PPG,"Polypropylene glycol, ubiquitous polyether",X,,"D, K",
391.284286,[M+H]+,C24H38O4,Diisooctyl phthalate,"Diisooctyl phthalate, plasticiser",X,,"A, C, E",
393.209505,[A8B+Na]+,[C2H4O]nH2O,PEG,"Polyethylene glycol, ubiquitous polyether",X,,"D, K",
397.294851,[AB4+H]+,[C15H24O][C2H4O]n,Triton,101 Detergents,X,,"D, K",
405.224912,[A6B+K]+,[C3H6O]nH2O,PPG,"Polypropylene glycol, ubiquitous polyether",X,X,"D, K",
405.261145,[AB4+Na]+,[C14H22O][C2H4O]n,Triton,"X-100, X-114, X-405, or X-45 Detergents",X,X,"D, K",
409.183442,[A8B+K]+,[C2H4O]nH2O,PEG,"Polyethylene glycol, ubiquitous polyether",X,X,"D, K",
411.308095,[AB4+Na]+,[C14H28O][C2H4O]n,"Triton, reduced","X-100R, X-114R, X-405R, or X-45R Detergents",X,X,"D, K",
413.26623,[M+Na]+,C24H38O4,Diisooctyl phthalate,"Diisooctyl phthalate, plasticiser",X,X,"A, C, E",
415.253776,[A9B+H]+,[C2H4O]nH2O,PEG,"Polyethylene glycol, ubiquitous polyether",X,X,"D, K",
419.276795,[AB4+Na]+,[C15H24O][C2H4O]n,Triton,101 Detergents,X,X,"D, K",
425.310896,[A7B+H]+,[C3H6O]nH2O,PPG,"Polypropylene glycol, ubiquitous polyether",X,X,"D, K",
425.323745,[AB4+Na]+,[C15H30O][C2H4O]n,"Triton, reduced",101R Detergents,X,X,"D, K",
427.305416,[AB5+H]+,[C14H22O][C2H4O]n,Triton,"X-100, X-114, X-405, or X-45 Detergents",X,X,"D, K",
429.088728,[M+H-CH4]+,[C2H6SiO]6,Polysiloxane,"Polysiloxane, (neutral methane loss from m/z 445)",X,X,L,
429.240167,[M+K]+,C24H38O4,Diisooctyl phthalate,"Diisooctyl phthalate, plasticiser",X,X,"A, C",
437.23572,[A9B+Na]+,[C2H4O]nH2O,PEG,"Polyethylene glycol, ubiquitous polyether",X,X,"D, K",
441.0147891,[M3+63Cu(I)]+,C10H7NO3,4-HCCA,"matrix-copper adduct, together with m/z 443",,X,K,
441.321066,[AB5+H]+,[C15H24O][C2H4O]n,Triton,101 Detergents,X,X,"D, K",
443.0129817,[M3+65Cu(I)]+,C10H7NO3,4-HCCA,"matrix-copper adduct, together with m/z 443",,X,K,
445.120028,[M+H]+,[C2H6SiO]6,Polysiloxane,"Polysiloxane, followed by m/z 462",X,X,"A, C, E, L",
447.29284,[M+H]+,[C3H6O]nH2O,PPG,"Polypropylene glycol, ubiquitous polyether",X,X,"D, K",
449.28736,[AB5+Na]+,[C14H22O][C2H4O]n,Triton,"X-100, X-114, X-405, or X-45 Detergents",X,X,"D, K",
449.385002,[M2+H]+,C13H24N2O,DCU,"N,N'-Dicyclohexylurea",X,X,"A, C",
453.209657,[A9B+K]+,[C2H4O]nH2O,PEG,"Polyethylene glycol, ubiquitous polyether",X,X,"D, K",
453.343532,[M+H]+,C24H44N4O4,nylon ,"Cyclic oligomer of polyamide 66, (adipic acid/hexylmethylene diamine condensation) ",X,X,M,
454.292779,[M+CH3CN+Na]+,C24H38O4,Diisooctyl phthalate,"Diisooctyl phthalate, plasticiser",X,X,A,
455.33431,[AB5+Na]+,[C14H28O][C2H4O]n,"Triton, reduced","X-100R, X-114R, X-405R, or X-45R Detergents",X,X,"D, K",
459.279991,[A10B+H]+,[C2H4O]nH2O,PEG,"Polyethylene glycol, ubiquitous polyether",X,X,"D, K",
462.146577,[M+NH4]+,[C2H6SiO]6,Polysiloxane,Polysiloxane (see m/z 445),X,X,"A, L",
463.266777,[A7B+K]+,[C3H6O]nH2O,PPG,"Polypropylene glycol, ubiquitous polyether",X,X,"D, K",
463.30301,[AB5+Na]+,[C15H24O][C2H4O]n,Triton,101 Detergents,X,X,"D, K",
469.34996,[AB5+Na]+,[C15H30O][C2H4O]n,"Triton, reduced",101R Detergents,X,X,"D, K",
471.331631,[AB6+H]+,[C14H22O][C2H4O]n,Triton,"X-100, X-114, X-405, or X-45 Detergents",X,X,"D, K",
472.28781,[M+H]+,SLPR,Peptide,porcine trypsin,X,X,G,
481.261935,[A10B+Na]+,[C2H4O]nH2O,PEG,"Polyethylene glycol, ubiquitous polyether",X,X,"D, K",
483.352761,[A8B+H]+,[C3H6O]nH2O,PPG,"Polypropylene glycol, ubiquitous polyether",X,X,"D, K",
485.347281,[AB6+H]+,[C15H24O][C2H4O]n,Triton,101 Detergents,X,X,"D, K",
493.313575,[AB6+Na]+,[C14H22O][C2H4O]n,Triton,"X-100, X-114, X-405, or X-45 Detergents",X,X,"D, K",
494.565925,[M-Cl]+,C34H72NCl,DPDMA,"Dipalmityldimethylammonium chloride, catalyst, personal care products additive",X,X,"O, K",
497.235872,[A10B+K]+,[C2H4O]nH2O,PEG,"Polyethylene glycol, ubiquitous polyether",X,X,"D, K",
499.360525,[AB6+Na]+,[C14H28O][C2H4O]n,"Triton, reduced","X-100R, X-114R, X-405R, or X-45R Detergents",X,X,"D, K",
503.10752,[M+H-CH4]+,[C2H6SiO]7,Polysiloxane,"Polysiloxane, (neutral methane loss from m/z 519)",X,X,"A, L",
503.306206,[A11B+H]+,[C2H4O]nH2O,PEG,"Polyethylene glycol, ubiquitous polyether",X,X,"D, K",
505.334705,[A8B+Na]+,[C3H6O]nH2O,PPG,"Polypropylene glycol, ubiquitous polyether",X,X,"D, K",
507.329225,[AB6+Na]+,[C15H24O][C2H4O]n,Triton,101 Detergents,X,X,"D, K",
513.376175,[AB6+Na]+,[C15H30O][C2H4O]n,"Triton, reduced",101R Detergents,X,X,"D, K",
515.330008,[M+H]+,IQVR,Peptide,trypsin-like artefact,X,X,E,
515.357846,[AB7+H]+,[C14H22O][C2H4O]n,Triton,"X-100, X-114, X-405, or X-45 Detergents",X,X,"D, K",
515.412857,[M+H]+,C30H58O4S,DDTDP,"Didodecyl 3,3′-thiodipropionate, antioxidant",X,X,W,
519.13882,[M+H]+,[C2H6SiO]7,Polysiloxane,"Polysiloxane, followed by m/z 536",X,X,"A, L",
521.308642,[A8B+K]+,[C3H6O]nH2O,PPG,"Polypropylene glycol, ubiquitous polyether",X,X,"D, K",
522.597225,[M-Cl]+,C36H76NCl,SPDMA,"Stearyl-palmityldimethylammonium chloride, catalyst, personal care product additive",X,X,"O, K",
525.28815,[A11B+Na]+,[C2H4O]nH2O,PEG,"Polyethylene glycol, ubiquitous polyether",X,X,"D, K",
529.373496,[AB7+H]+,[C15H24O][C2H4O]n,Triton,101 Detergents,X,X,"D, K",
531.407772,[M+H]+,C30H58O5S,DDTDP,"Didodecyl 3,3′-thiodipropionate oxidized to sulfoxide, antioxidant",X,X,W,
531.477171,[M+H]+,C35H62O3,Irganox,"Irganox 1076, antioxidant in synthetic polymers, antioxidant",X,X,W,
536.165369,[M+NH4]+,[C2H6SiO]7,Polysiloxane,Polysiloxane (see m/z 519),X,X,"A, L",
537.33979,[AB7+Na]+,[C14H22O][C2H4O]n,Triton,"X-100, X-114, X-405, or X-45 Detergents",X,X,"D, K",
537.8790085,[M6-6H+3Fe+O]+,C2H4O2,Acetic acid-Fe-O- complex,during ESI with metal tips and acetic acid,X,,"A, B, E, Y",
541.262087,[A11B+K]+,[C2H4O]nH2O,PEG,"Polyethylene glycol, ubiquitous polyether",X,X,"D, K",
541.394626,[A9B+H]+,[C3H6O]nH2O,PPG,"Polypropylene glycol, ubiquitous polyether",X,X,"D, K",
543.38674,[AB7+Na]+,[C14H28O][C2H4O]n,"Triton, reduced","X-100R, X-114R, X-405R, or X-45R Detergents",X,X,"D, K",
547.332421,[A12B+H]+,[C2H4O]nH2O,PEG,"Polyethylene glycol, ubiquitous polyether",X,X,"D, K",
547.402687,[M+H]+,C30H58O6S,DDTDP,"Didodecyl 3,3′-thiodipropionate oxidized to sulfone, antioxidant",X,X,W,
550.628525,[M-Cl]+,C38H80NCl,DSDMA,"Distearyldimethylammonium chloride, catalyst, personal care products additive",x,X,"A, K, O",
551.35544,[AB7+Na]+,[C15H24O][C2H4O]n,Triton,101 Detergents,X,X,"D, K",
553.389716,[M+Na]+,C30H58O5S,DDTDP,"Didodecyl 3,3′-thiodipropionate oxidized to sulfoxide, antioxidant",X,X,"A, W",
553.459115,[M+Na]+,C35H62O3,Irganox,"Irganox 1076, antioxidant in synthetic polymers, antioxidant",X,X,"A, W",
555.8895735,[M6-6H+H2O+3Fe+O]+,C2H4O2,Acetic acid-Fe-O- complex,during ESI with metal tips and acetic acid,X,,"A, B, E, Y",
557.40239,[AB7+Na]+,[C15H30O][C2H4O]n,"Triton, reduced",101R Detergents,X,X,"D, K",
559.384061,[AB8+H]+,[C14H22O][C2H4O]n,Triton,"X-100, X-114, X-405, or X-45 Detergents",X,X,"D, K",
563.37657,[A9B+Na]+,[C3H6O]nH2O,PPG,"Polypropylene glycol, ubiquitous polyether",X,X,"D, K",
568.135058,[M3+H]+,C10H7NO3,4-HCCA,"matrix cluster, trimer",,X,"H, I, J",
569.314365,[A12B+Na]+,[C2H4O]nH2O,PEG,"Polyethylene glycol, ubiquitous polyether",X,X,"D, K",
571.35622,[M+H]+,VSLPR,Peptide,porcine trypsin,X,X,G,
573.399711,[AB8+H]+,[C15H24O][C2H4O]n,Triton,101 Detergents,X,X,"D, K",
577.126312,[M+H-CH4]+,[C2H6SiO]8,Polysiloxane,"Polysiloxane, (neutral methane loss from m/z 593)",X,X,L,
579.350507,[A9B+K]+,[C3H6O]nH2O,PPG,"Polypropylene glycol, ubiquitous polyether",X,X,"D, K",
581.366005,[AB8+Na]+,[C14H22O][C2H4O]n,Triton,"X-100, X-114, X-405, or X-45 Detergents",X,X,"D, K",
585.288302,[A12B+K]+,[C2H4O]nH2O,PEG,"Polyethylene glycol, ubiquitous polyether",X,X,"D, K",
587.412955,[AB8+Na]+,[C14H28O][C2H4O]n,"Triton, reduced","X-100R, X-114R, X-405R, or X-45R Detergents",X,X,"D, K",
591.358636,[A13B+H]+,[C2H4O]nH2O,PEG,"Polyethylene glycol, ubiquitous polyether",X,X,"D, K",
593.157612,[M+H]+,[C2H6SiO]8,Polysiloxane,"Polysiloxane, followed by m/z 610",X,X,"A, L",
595.381655,[AB8+Na]+,[C15H24O][C2H4O]n,Triton,101 Detergents,X,X,"D, K",
597.9001385,[M7-6H+3Fe+O]+,C2H4O2,Acetic acid-Fe-O- complex,during ESI with metal tips and acetic acid,X,,"B, E, Y",
599.436491,[A10B+H]+,[C3H6O]nH2O,PPG,"Polypropylene glycol, ubiquitous polyether",X,X,"D, K",
601.428605,[AB8+Na]+,[C15H30O][C2H4O]n,"Triton, reduced",101R Detergents,X,X,"D, K",
603.410276,[AB9+H]+,[C14H22O][C2H4O]n,Triton,"X-100, X-114, X-405, or X-45 Detergents",X,X,"D, K",
606.091488,[M3+K]+,C10H7NO3,4-HCCA,"matrix cluster, trimer, potassiated",,X,"H, I, J",
610.184161,[M+NH4]+,[C2H6SiO]8,Polysiloxane,Polysiloxane (see m/z 593),X,X,L,
613.34058,[A13B+Na]+,[C2H4O]nH2O,PEG,"Polyethylene glycol, ubiquitous polyether",X,X,"D, K",
615.40375,[M+H]+,C32H58N2O7S,CHAPS,3-[(3-Cholamidopropyl)dimethylammonio]-1-propanesulfonate,X,X,E,
617.425926,[AB9+H]+,[C15H24O][C2H4O]n,Triton,101 Detergents,X,X,"D, K",
621.418435,[A10B+Na]+,[C3H6O]nH2O,PPG,"Polypropylene glycol, ubiquitous polyether",X,X,"D, K",
621.9729085,[M6-6H+3Fe+O]+,C3H6O2,Propionic acid Fe-O complex,during ESI with metal tips and acetic acid,X,,Y,
625.39222,[AB9+Na]+,[C14H22O][C2H4O]n,Triton,"X-100, X-114, X-405, or X-45 Detergents",X,X,"D, K",
629.314517,[A13B+K]+,[C2H4O]nH2O,PEG,"Polyethylene glycol, ubiquitous polyether",X,X,"D, K",
631.43917,[AB9+Na]+,[C14H28O][C2H4O]n,"Triton, reduced","X-100R, X-114R, X-405R, or X-45R Detergents",X,X,"D, K",
633.320233,[M+H]+,QTIASN,Peptide,Bovine trypsin,X,X,K,
635.384851,[A14B+H]+,[C2H4O]nH2O,PEG,"Polyethylene glycol, ubiquitous polyether",X,X,"D, K",
637.392372,[A10B+K]+,[C3H6O]nH2O,PPG,"Polypropylene glycol, ubiquitous polyether",X,X,"D, K",
639.40787,[AB9+Na]+,[C15H24O][C2H4O]n,Triton,101 Detergents,X,X,"D, K",
645.45482,[AB9+Na]+,[C15H30O][C2H4O]n,"Triton, reduced",101R Detergents,X,X,"D, K",
646.351867,[f+H]+,GLTAER (from YLDGLTAER),Peptide,"keratin (human), ion source fragment",X,X,"G, K",
647.436491,[AB10+H]+,[C14H22O][C2H4O]n,Triton,"X-100, X-114, X-405, or X-45 Detergents",X,X,"D, K",
651.145104,[M+H-CH4]+,[C2H6SiO]9,Polysiloxane,"Polysiloxane, (neutral methane loss from m/z 667)",X,X,L,
657.366795,[A14B+Na]+,[C2H4O]nH2O,PEG,"Polyethylene glycol, ubiquitous polyether",X,X,"D, K",
657.478356,[A11B+H]+,[C3H6O]nH2O,PPG,"Polypropylene glycol, ubiquitous polyether",X,X,"D, K",
659.383501,[M+H]+,SGIQVR,Peptide,Bovine trypsin,X,X,K,
661.452141,[AB10+H]+,[C15H24O][C2H4O]n,Triton,101 Detergents,X,X,"D, K",
667.176404,[M+H]+,[C2H6SiO]9,Polysiloxane,"Polysiloxane, followed by m/z 684",X,X,L,
669.418435,[AB10+Na]+,[C14H22O][C2H4O]n,Triton,"X-100, X-114, X-405, or X-45 Detergents",X,X,"D, K",
672.4039,[M+H]+,TVSLPR,Peptide,porcine trypsin,X,X,K,
672.4039,[M+H]+,TVSLPR,Peptide,porcine trypsin,X,X,K,
673.340732,[A14B+K]+,[C2H4O]nH2O,PEG,"Polyethylene glycol, ubiquitous polyether",X,X,"D, K",
675.465385,[AB10+Na]+,[C14H28O][C2H4O]n,"Triton, reduced","X-100R, X-114R, X-405R, or X-45R Detergents",X,X,"D, K",
679.411066,[A15B+H]+,[C2H4O]nH2O,PEG,"Polyethylene glycol, ubiquitous polyether",X,X,"D, K",
679.4603,[A11B+Na]+,[C3H6O]nH2O,PPG,"Polypropylene glycol, ubiquitous polyether",X,X,"D, K",
679.51166,[M+H]+,C36H66N6O6,nylon ,"Cyclic oligomer of polyamide 66, (adipic acid/hexylmethylene diamine condensation) ",X,X,M,
683.434085,[AB10+Na]+,[C15H24O][C2H4O]n,Triton,101 Detergents,X,X,"D, K",
684.202953,[M+NH4]+,[C2H6SiO]9,Polysiloxane,Polysiloxane (see m/z 667),X,X,L,
689.481035,[AB10+Na]+,[C15H30O][C2H4O]n,"Triton, reduced",101R Detergents,X,X,"D, K",
691.462706,[AB11+H]+,[C14H22O][C2H4O]n,Triton,"X-100, X-114, X-405, or X-45 Detergents",X,X,"D, K",
695.434237,[A11B+K]+,[C3H6O]nH2O,PPG,"Polypropylene glycol, ubiquitous polyether",X,X,"D, K",
701.39301,[A15B+Na]+,[C2H4O]nH2O,PEG,"Polyethylene glycol, ubiquitous polyether",X,X,"D, K",
704.382499,[M+H]+,LDSELK,Peptide,keratin,X,X,E,
705.478356,[AB11+H]+,[C15H24O][C2H4O]n,Triton,101 Detergents,X,X,"D, K",
713.44465,[AB11+Na]+,[C14H22O][C2H4O]n,Triton,"X-100, X-114, X-405, or X-45 Detergents",X,X,"D, K",
715.520221,[A12B+H]+,[C3H6O]nH2O,PPG,"Polypropylene glycol, ubiquitous polyether",X,X,"D, K",
717.366947,[A15B+K]+,[C2H4O]nH2O,PEG,"Polyethylene glycol, ubiquitous polyether",X,X,"D, K",
719.4916,[AB11+Na]+,[C14H28O][C2H4O]n,"Triton, reduced","X-100R, X-114R, X-405R, or X-45R Detergents",X,X,"D, K",
723.437281,[A16B+H]+,[C2H4O]nH2O,PEG,"Polyethylene glycol, ubiquitous polyether",X,X,"D, K",
725.163896,[M+H-CH4]+,[C2H6SiO]10,Polysiloxane,"Polysiloxane, (neutral methane loss from m/z 741)",X,X,L,
727.4603,[AB11+Na]+,[C15H24O][C2H4O]n,Triton,101 Detergents,X,X,"D, K",
732.465439,[M+H]+,GLVLIAF,Peptide,bovine serum albumin (BSA),X,X,E,
733.50725,[AB11+Na]+,[C15H30O][C2H4O]n,"Triton, reduced",101R Detergents,X,X,"D, K",
735.488921,[AB12+H]+,[C14H22O][C2H4O]n,Triton,"X-100, X-114, X-405, or X-45 Detergents",X,X,"D, K",
737.502165,[A12B+Na]+,[C3H6O]nH2O,PPG,"Polypropylene glycol, ubiquitous polyether",X,X,"D, K",
741.195196,[M+H]+,[C2H6SiO]10,Polysiloxane,"Polysiloxane, followed by m/z 758",X,X,L,
742.449789,[M+H]+,GPFPILV,Peptide,bovine casein alpha-S1,X,X,E,
743.44101,[M+H]+,ATVSLPR,Peptide,porcine trypsin,X,X,G,
745.419225,[A16B+Na]+,[C2H4O]nH2O,PEG,"Polyethylene glycol, ubiquitous polyether",X,X,"D, K",
749.504571,[AB12+H]+,[C15H24O][C2H4O]n,Triton,101 Detergents,X,X,"D, K",
753.476102,[A12B+K]+,[C3H6O]nH2O,PPG,"Polypropylene glycol, ubiquitous polyether",X,X,"D, K",
757.470865,[AB12+Na]+,[C14H22O][C2H4O]n,Triton,"X-100, X-114, X-405, or X-45 Detergents",X,X,"D, K",
758.221745,[M+NH4]+,[C2H6SiO]10,Polysiloxane,Polysiloxane (see m/z 741),X,X,L,
758.41553,[M+H]+,PATLNSR,Peptide,porcine trypsin,X,X,G,
761.393162,[A16B+K]+,[C2H4O]nH2O,PEG,"Polyethylene glycol, ubiquitous polyether",X,X,"D, K",
763.517815,[AB12+Na]+,[C14H28O][C2H4O]n,"Triton, reduced","X-100R, X-114R, X-405R, or X-45R Detergents",X,X,"D, K",
767.463496,[A17B+H]+,[C2H4O]nH2O,PEG,"Polyethylene glycol, ubiquitous polyether",X,X,"D, K",
771.486515,[AB12+Na]+,[C15H24O][C2H4O]n,Triton,101 Detergents,X,X,"D, K",
773.562086,[A13B+H]+,[C3H6O]nH2O,PPG,"Polypropylene glycol, ubiquitous polyether",X,X,"D, K",
777.533465,[AB12+Na]+,[C15H30O][C2H4O]n,"Triton, reduced",101R Detergents,X,X,"D, K",
779.515136,[AB13+H]+,[C14H22O][C2H4O]n,Triton,"X-100, X-114, X-405, or X-45 Detergents",X,X,"D, K",
789.44544,[A17B+Na]+,[C2H4O]nH2O,PEG,"Polyethylene glycol, ubiquitous polyether",X,X,"D, K",
793.530786,[AB13+H]+,[C15H24O][C2H4O]n,Triton,101 Detergents,X,X,"D, K",
795.54403,[A13B+Na]+,[C3H6O]nH2O,PPG,"Polypropylene glycol, ubiquitous polyether",X,X,"D, K",
798.587845,[M2+NH4]+,C24H38O4,Diisooctyl phthalate,"Diisooctyl phthalate, plasticiser",X,X,"A, C, E",
801.49708,[AB13+Na]+,[C14H22O][C2H4O]n,Triton,"X-100, X-114, X-405, or X-45 Detergents",X,X,"D, K",
802.430512,[M+H]+,LSSPATLN,Peptide,"porcine trypsin, truncated",X,X,E,
803.54324,[M2+Na]+,C24H38O4,Diisooctyl phthalate,"Diisooctyl phthalate, plasticiser",X,X,"A, C, E",
804.409777,[M+H]+,SEIDNVK,Peptide,keratin (human),X,X,G,
805.416259,[M+H]+,SAASLNSR,Peptide,bovine trypsin,X,X,"G, K",
805.419377,[A17B+K]+,[C2H4O]nH2O,PEG,"Polyethylene glycol, ubiquitous polyether",X,X,"D, K",
807.39954,[M+H]+,LAADDFR,Peptide,keratin (human),X,X,"G, K",
807.54403,[AB13+Na]+,[C14H28O][C2H4O]n,"Triton, reduced","X-100R, X-114R, X-405R, or X-45R Detergents",X,X,"D, K",
809.440348,[M+H]+,LASYLDK,Peptide,keratin,X,X,E,
809.48691,[AB10+Na]+,[C18H34O6][C2H4O]n,Tween,Tween 20,X,X,"D, K",
811.489711,[A18B+H]+,[C2H4O]nH2O,PEG,"Polyethylene glycol, ubiquitous polyether",X,X,"D, K",
811.517967,[A13B+K]+,[C3H6O]nH2O,PPG,"Polypropylene glycol, ubiquitous polyether",X,X,"D, K",
815.51273,[AB13+Na]+,[C15H24O][C2H4O]n,Triton,101 Detergents,X,X,"D, K",
819.517177,[M2+K]+,C24H38O4,Diisooctyl phthalate,"Diisooctyl phthalate, plasticiser",X,X,"A, K",
821.55968,[AB13+Na]+,[C15H30O][C2H4O]n,"Triton, reduced",101R Detergents,X,X,"D, K",
823.541351,[AB14+H]+,[C14H22O][C2H4O]n,Triton,"X-100, X-114, X-405, or X-45 Detergents",X,X,"D, K",
824.498865,[M+H]+,PGVVSLPR,Peptide,trypsin-like artefact,X,X,E,
827.42978,[M+H]+,FASFIDK,Peptide,keratin (human),X,X,"E, G, K",
827.46214,[M+H]+,PEIQNVK,Peptide,keratin (human),X,X,"G, K",
831.603951,[A14B+H]+,[C3H6O]nH2O,PPG,"Polypropylene glycol, ubiquitous polyether",X,X,"D, K",
832.488695,[M+H]+,SISISVAR,Peptide,keratin (human),X,X,"G, K",
833.471655,[A18B+Na]+,[C2H4O]nH2O,PEG,"Polyethylene glycol, ubiquitous polyether",X,X,"D, K",
837.557001,[AB14+H]+,[C15H24O][C2H4O]n,Triton,101 Detergents,X,X,"D, K",
839.097421,[M4-2H+K+2Na]+,C10H7NO3,4-HCCA,matrix cluster,,X,"H, I, J",
842.50943,[M+H]+,VATVSLPR,Peptide,porcine trypsin,X,X,"E, G, K",
845.105428,[M4-3H+4Na]+,C10H7NO3,4-HCCA,matrix cluster,,X,"H, I, J",
845.523295,[AB14+Na]+,[C14H22O][C2H4O]n,Triton,"X-100, X-114, X-405, or X-45 Detergents",X,X,"D, K",
848.49886,[M+H]+,AFIDKVR,Peptide,keratin (human),X,X,"G, K",
849.445592,[A18B+K]+,[C2H4O]nH2O,PEG,"Polyethylene glycol, ubiquitous polyether",X,X,"D, K",
851.570245,[AB14+Na]+,[C14H28O][C2H4O]n,"Triton, reduced","X-100R, X-114R, X-405R, or X-45R Detergents",X,X,"D, K",
853.513125,[AB11+Na]+,[C18H34O6][C2H4O]n,Tween,Tween 20,X,X,"D, K",
853.585895,[A14B+Na]+,[C3H6O]nH2O,PPG,"Polypropylene glycol, ubiquitous polyether",X,X,"D, K",
855.071358,[M4-2H+Na+2K]+,C10H7NO3,4-HCCA,matrix cluster,,X,"H, I, J",
855.515926,[A19B+H]+,[C2H4O]nH2O,PEG,"Polyethylene glycol, ubiquitous polyether",X,X,"D, K",
859.538945,[AB14+Na]+,[C15H24O][C2H4O]n,Triton,101 Detergents,X,X,"D, K",
861.079365,[M4-3H+3Na+K]+,C10H7NO3,4-HCCA,matrix cluster,,X,"H, I, J",
863.473379,[f+H]+,SFLINNR (from THNLEPYFESFINNLR),Peptide,"keratin (human), ion source fragment",X,X,"G, K",
865.477796,[f+H]+,IEIATYR (from LALDIEIATYR),Peptide,"keratin (human), ion source fragment",X,X,"G, K",
865.54951,[AB10+Na]+,[C22H42O6][C2H4O]n,Tween,Tween 40,X,X,"D, K",
865.585895,[AB14+Na]+,[C15H30O][C2H4O]n,"Triton, reduced",101R Detergents,X,X,"D, K",
867.087372,[M4-4H+5Na]+,C10H7NO3,4-HCCA,matrix cluster,,X,"H, I, J",
867.567566,[AB15+H]+,[C14H22O][C2H4O]n,Triton,"X-100, X-114, X-405, or X-45 Detergents",X,X,"D, K",
869.559832,[A14B+K]+,[C3H6O]nH2O,PPG,"Polypropylene glycol, ubiquitous polyether",X,X,"D, K",
870.54073,[M+H]+,VATVSLPR  N-term. methylated ,Peptide,porcine trypsin - methylated,X,X,J,
871.045295,[M4-2H+3K]+,C10H7NO3,4-HCCA,matrix cluster,,X,"H, I, J",
871.499594,[M+H]+,QATVSLPR,Peptide,trypsin-like artefact,X,X,E,
874.49926,[M+H]+,SLVNLGGSK,Peptide,keratin (human),X,X,"E, G, K",
877.49787,[A19B+Na]+,[C2H4O]nH2O,PEG,"Polyethylene glycol, ubiquitous polyether",X,X,"D, K",
881.472711,[M+H]+,SLYGLGGSK,Peptide,keratin (human),X,X,"G, K",
881.583216,[AB15+H]+,[C15H24O][C2H4O]n,Triton,101 Detergents,X,X,"D, K",
883.514849,[M+H]+,RVYVHPI,Peptide,Angiotensin standards,X,X,E,
889.54951,[AB15+Na]+,[C14H22O][C2H4O]n,Triton,"X-100, X-114, X-405, or X-45 Detergents",X,X,"D, K",
889.645816,[A15B+H]+,[C3H6O]nH2O,PPG,"Polypropylene glycol, ubiquitous polyether",X,X,"D, K",
891.56516,[AB10+Na]+,[C24H44O6][C2H4O]n,Tween,Tween 80,X,X,"D, K",
893.471807,[A19B+K]+,[C2H4O]nH2O,PEG,"Polyethylene glycol, ubiquitous polyether",X,X,"D, K",
893.58081,[AB10+Na]+,[C24H46O6][C2H4O]n,Tween,Tween 60,X,X,"D, K",
895.59646,[AB15+Na]+,[C14H28O][C2H4O]n,"Triton, reduced","X-100R, X-114R, X-405R, or X-45R Detergents",,X,"D, K",
897.53934,[AB12+Na]+,[C18H34O6][C2H4O]n,Tween,Tween 20,X,X,"D, K",
899.530894,[M+H]+,VQTVSLPR,Peptide,trypsin-like artefact,X,X,E,
899.542141,[A20B+H]+,[C2H4O]nH2O,PEG,"Polyethylene glycol, ubiquitous polyether",X,X,"D, K",
903.56516,[AB15+Na]+,[C15H24O][C2H4O]n,Triton,101 Detergents,X,X,"D, K",
905.679788,[M+H]+,C48H88N8O8,nylon ,"Cyclic oligomer of polyamide 66, (adipic acid/hexylmethylene diamine condensation) ",X,X,M,
906.50434,[M+H]+,NKPGVYTK,Peptide,bovine trypsin,X,X,"G, K",
906.50434,[M+H]+,NKPGVYTK,Peptide,porcine trypsin,X,X,"G, K",
909.575725,[AB11+Na]+,[C22H42O6][C2H4O]n,Tween,Tween 40,X,X,"D, K",
909.61211,[AB15+Na]+,[C15H30O][C2H4O]n,"Triton, reduced",101R Detergents,X,X,"D, K",
911.593781,[AB16+H]+,[C14H22O][C2H4O]n,Triton,"X-100, X-114, X-405, or X-45 Detergents",X,X,"D, K",
911.62776,[A15B+Na]+,[C3H6O]nH2O,PPG,"Polypropylene glycol, ubiquitous polyether",X,X,"D, K",
917.499199,[M+H]+,RVYVHPF,Peptide,Angiotensin standards (bovine),X,X,E,
921.524085,[A20B+Na]+,[C2H4O]nH2O,PEG,"Polyethylene glycol, ubiquitous polyether",X,X,"D, K",
925.609431,[AB16+H]+,[C15H24O][C2H4O]n,Triton,101 Detergents,X,X,"D, K",
927.601697,[A15B+K]+,[C3H6O]nH2O,PPG,"Polypropylene glycol, ubiquitous polyether",X,X,"D, K",
931.514849,[M+H]+,RVYIHPF,Peptide,Angiotensin standards (human),X,X,E,
933.575725,[AB16+Na]+,[C14H22O][C2H4O]n,Triton,"X-100, X-114, X-405, or X-45 Detergents",X,X,"D, K",
935.591375,[AB11+Na]+,[C24H44O6][C2H4O]n,Tween,Tween 80,X,X,"D, K",
937.498022,[A20B+K]+,[C2H4O]nH2O,PEG,"Polyethylene glycol, ubiquitous polyether",X,X,"D, K",
937.607025,[AB11+Na]+,[C24H46O6][C2H4O]n,Tween,Tween 60,X,X,"D, K",
939.622675,[AB16+Na]+,[C14H28O][C2H4O]n,"Triton, reduced","X-100R, X-114R, X-405R, or X-45R Detergents",X,X,"D, K",
941.565555,[AB13+Na]+,[C18H34O6][C2H4O]n,Tween,Tween 20,X,X,"D, K",
947.591375,[AB16+Na]+,[C15H24O][C2H4O]n,Triton,101 Detergents,X,X,"D, K",
947.687681,[A16B+H]+,[C3H6O]nH2O,PPG,"Polypropylene glycol, ubiquitous polyether",X,X,"D, K",
950.473045,[M+H]+,YVNWIQQ,Peptide,"trypsin-like artefact, truncated",X,X,E,
953.60194,[AB12+Na]+,[C22H42O6][C2H4O]n,Tween,Tween 40,X,X,"D, K",
953.638325,[AB16+Na]+,[C15H30O][C2H4O]n,"Triton, reduced",101R Detergents,X,X,"D, K",
955.619996,[AB17+H]+,[C14H22O][C2H4O]n,Triton,"X-100, X-114, X-405, or X-45 Detergents",X,X,"D, K",
969.635646,[AB17+H]+,[C15H24O][C2H4O]n,Triton,101 Detergents,X,X,"D, K",
969.669625,[A16B+Na]+,[C3H6O]nH2O,PPG,"Polypropylene glycol, ubiquitous polyether",X,X,"D, K",
973.53129,[M+H]+,IEISELNR,Peptide,keratin (human),X,X,"E, G, K",
977.60194,[AB17+Na]+,[C14H22O][C2H4O]n,Triton,"X-100, X-114, X-405, or X-45 Detergents",X,X,"D, K",
979.50949,[M+H]+,GTSYPDVLK,Peptide,bovine trypsin,X,X,"G, K",
979.61759,[AB12+Na]+,[C24H44O6][C2H4O]n,Tween,Tween 80,X,X,"D, K",
981.63324,[AB12+Na]+,[C24H46O6][C2H4O]n,Tween,Tween 60,X,X,"D, K",
983.64889,[AB17+Na]+,[C14H28O][C2H4O]n,"Triton, reduced","X-100R, X-114R, X-405R, or X-45R Detergents",X,X,"D, K",
985.59177,[AB14+Na]+,[C18H34O6][C2H4O]n,Tween,Tween 20,X,X,"D, K",
985.643562,[A16B+K]+,[C3H6O]nH2O,PPG,"Polypropylene glycol, ubiquitous polyether",X,X,"D, K",
991.61759,[AB17+Na]+,[C15H24O][C2H4O]n,Triton,101 Detergents,X,X,"D, K",
994.155513,[M5-H2O-2H+3Na]+,C10H7NO3,4-HCCA,matrix cluster,,X,"H, I, J",
995.519661,[M+H]+,IKEWYEK,Peptide,keratin,X,X,E,
997.628155,[AB13+Na]+,[C22H42O6][C2H4O]n,Tween,Tween 40,X,X,"D, K",
997.66454,[AB17+Na]+,[C15H30O][C2H4O]n,"Triton, reduced",101R Detergents,X,X,"D, K",
999.646211,[AB18+H]+,[C14H22O][C2H4O]n,Triton,"X-100, X-114, X-405, or X-45 Detergents",X,X,"D, K",
1000.56734,[M+H]+,LQAEIEGLK,Peptide,keratin,X,X,E,
1002.58299,[M+H]+,"LVVSTQTALA, C-terminus",Peptide,bovine serum albumin (BSA),X,X,E,
1003.553087,[M+H]+,SEITELRR,Peptide,keratin,X,X,E,
1005.729546,[A17B+H]+,[C3H6O]nH2O,PPG,"Polypropylene glycol, ubiquitous polyether",X,X,"D, K",
1013.661861,[AB18+H]+,[C15H24O][C2H4O]n,Triton,101 Detergents,X,X,"D, K",
1020.50302,[M+H]+,APILSDSSCK,Peptide,bovine trypsin,X,X,"G, K",
1020.53604,[M+H]+,SIPYQVSLN,Peptide,"trypsin-like artefact, truncated",X,X,E,
1021.628155,[AB18+Na]+,[C14H22O][C2H4O]n,Triton,"X-100, X-114, X-405, or X-45 Detergents",X,X,"D, K",
1023.474169,[M+H]+,SSYPGQITGN,Peptide,"trypsin-like artefact, truncated",X,X,E,
1023.51055,[M+H]+,NEQFISASK,Peptide,bovine trypsin,X,X,"G, K",
1023.643805,[AB13+Na]+,[C24H44O6][C2H4O]n,Tween,Tween 80,X,X,"D, K",
1025.659455,[AB13+Na]+,[C24H46O6][C2H4O]n,Tween,Tween 60,X,X,"D, K",
1027.675105,[AB18+Na]+,[C14H28O][C2H4O]n,"Triton, reduced","X-100R, X-114R, X-405R, or X-45R Detergents",X,X,"D, K",
1027.71149,[A17B+Na]+,[C3H6O]nH2O,PPG,"Polypropylene glycol, ubiquitous polyether",X,X,"D, K",
1029.617985,[AB15+Na]+,[C18H34O6][C2H4O]n,Tween,Tween 20,X,X,"D, K",
1031.5983,[M+H]+,VLDELTLTK,Peptide,keratin (human),X,X,"E, G, K",
1033.51603,[M+H]+,TLLEGEESR,Peptide,keratin (human),X,X,"E, G, K",
1035.643805,[AB18+Na]+,[C15H24O][C2H4O]n,Triton,101 Detergents,X,X,"D, K",
1036.082773,[M5-2H2O-4H+4Na+K]+,C10H7NO3,4-HCCA,matrix cluster,,X,"H, I, J",
1036.532291,[M+H]+,IRDWYQR,Peptide,keratin,X,X,E,
1037.5262,[M+H]+,YLDGLTAER,Peptide,keratin (human),X,X,"G, K",
1041.65437,[AB14+Na]+,[C22H42O6][C2H4O]n,Tween,Tween 40,X,X,"D, K",
1041.690755,[AB18+Na]+,[C15H30O][C2H4O]n,"Triton, reduced",101R Detergents,X,X,"D, K",
1043.672426,[AB19+H]+,[C14H22O][C2H4O]n,Triton,"X-100, X-114, X-405, or X-45 Detergents",X,X,"D, K",
1043.685427,[A17B+K]+,[C3H6O]nH2O,PPG,"Polypropylene glycol, ubiquitous polyether",X,X,"D, K",
1044.113952,[M5-2H+Na+2K]+,C10H7NO3,4-HCCA,matrix cluster,,X,"H, I, J",
1045.56365,[M+H]+,LSSPATLNSR,Peptide,porcine trypsin,X,X,"G, K",
1046.59528,[M+H]+,LKSAASLNSR,Peptide,bovine trypsin,X,X,"G, K",
1054.093338,[M5-H2O-4H+4Na+K]+,C10H7NO3,4-HCCA,matrix cluster,,X,"H, I, J",
1057.688076,[AB19+H]+,[C15H24O][C2H4O]n,Triton,101 Detergents,X,X,"D, K",
1060.087889,[M5-2H+3K]+,C10H7NO3,4-HCCA,"matrix cluster, pentamer, triply potassiated",,X,"H, I, J",
1060.56331,[M+H]+,TLLDIDNTR,Peptide,keratin (human),X,X,"E, G, K",
1063.771411,[A18B+H]+,[C3H6O]nH2O,PPG,"Polypropylene glycol, ubiquitous polyether",X,X,"D, K",
1064.573488,[M+H]+,DIIRAVGAYS,Peptide,lysyl endopeptidase (Lys-C),X,X,E,
1064.60987,[M+H]+,LASYLDKVR,Peptide,keratin (human),X,X,"G, K",
1065.499338,[M+H]+,STMQELNSR,Peptide,keratin,X,X,E,
1065.65437,[AB19+Na]+,[C14H22O][C2H4O]n,Triton,"X-100, X-114, X-405, or X-45 Detergents",X,X,"D, K",
1066.095896,[M5-3H+2K+2Na]+,C10H7NO3,4-HCCA,"matrix cluster, pentamer, potassiated, sodiated",,X,"H, I, J",
1066.60439,[M+H]+,FAAFIDKVR,Peptide,keratin (human),X,X,"G, K",
1067.67002,[AB14+Na]+,[C24H44O6][C2H4O]n,Tween,Tween 80,X,X,"D, K",
1069.68567,[AB14+Na]+,[C24H46O6][C2H4O]n,Tween,Tween 60,X,X,"D, K",
1071.60445,[M+H]+,LAGLEEALQK,Peptide,keratin (human),X,X,"G, K",
1071.70132,[AB19+Na]+,[C14H28O][C2H4O]n,"Triton, reduced","X-100R, X-114R, X-405R, or X-45R Detergents",X,X,"D, K",
1073.6442,[AB16+Na]+,[C18H34O6][C2H4O]n,Tween,Tween 20,X,X,"D, K",
1079.67002,[AB19+Na]+,[C15H24O][C2H4O]n,Triton,101 Detergents,X,X,"D, K",
1080.53201,[f+H]+,GNEQFISASK (from LGEDNINVVEGNEQFISASK),Peptide,"bovine trypsin, in source fragment",X,X,"G, K",
1082.59931,[M+H]+,FASFIDKVR,Peptide,keratin (human),X,X,"G, K",
1085.680585,[AB15+Na]+,[C22H42O6][C2H4O]n,Tween,Tween 40,X,X,"D, K",
1085.71697,[AB19+Na]+,[C15H30O][C2H4O]n,"Triton, reduced",101R Detergents,X,X,"D, K",
1085.753355,[A18B+Na]+,[C3H6O]nH2O,PPG,"Polypropylene glycol, ubiquitous polyether",X,X,"D, K",
1087.698641,[AB20+H]+,[C14H22O][C2H4O]n,Triton,"X-100, X-114, X-405, or X-45 Detergents",X,X,"D, K",
1090.53097,[M+H]+,VTMQNLNDR,Peptide,keratin (human),X,X,"G, K",
1091.548,[M+H]+,GNEQFINAAK,Peptide,porcine trypsin,X,X,"G, K",
1101.714291,[AB20+H]+,[C15H24O][C2H4O]n,Triton,101 Detergents,X,X,"D, K",
1101.727292,[A18B+K]+,[C3H6O]nH2O,PPG,"Polypropylene glycol, ubiquitous polyether",X,X,"D, K",
1109.48982,[M+H]+,DAEAWFNEK,Peptide,keratin (human),X,X,"G, K",
1109.680585,[AB20+Na]+,[C14H22O][C2H4O]n,Triton,"X-100, X-114, X-405, or X-45 Detergents",X,X,"D, K",
1111.56048,[M+H]+,VCNYVSWIK,Peptide,bovine trypsin,,X,"G, K",
1111.696235,[AB15+Na]+,[C24H44O6][C2H4O]n,Tween,Tween 80,X,X,"D, K",
1113.711885,[AB15+Na]+,[C24H46O6][C2H4O]n,Tween,Tween 60,X,X,"D, K",
1115.727535,[AB20+Na]+,[C14H28O][C2H4O]n,"Triton, reduced","X-100R, X-114R, X-405R, or X-45R Detergents",X,X,"D, K",
1117.670415,[AB17+Na]+,[C18H34O6][C2H4O]n,Tween,Tween 20,X,X,"D, K",
1118.508597,[M+H]+,HGNSHQGEPR,Peptide,keratin (human),X,X,"G, K",
1121.58372,[M+H]+,QEYEQLIAK,Peptide,keratin (human),X,X,"G, K",
1121.813276,[A19B+H]+,[C3H6O]nH2O,PPG,"Polypropylene glycol, ubiquitous polyether",X,X,"D, K",
1123.696235,[AB20+Na]+,[C15H24O][C2H4O]n,Triton,101 Detergents,X,X,"D, K",
1126.563986,[M+H]+,IITHPNFNGN,Peptide,"porcine trypsin, methylated, truncated",X,X,"E, J",
1129.621167,[M+H]+,LSELEAALQR,Peptide,Keratin,X,X,E,
1129.7068,[AB16+Na]+,[C22H42O6][C2H4O]n,Tween,Tween 40,X,X,"D, K",
1129.743185,[AB20+Na]+,[C15H30O][C2H4O]n,"Triton, reduced",101R Detergents,X,X,"D, K",
1141.519405,[M+H]+,DYQELMNTK,Peptide,Keratin,X,X,E,
1143.55031,[M+H]+,VCNYVSWIK (W - oxid.),Peptide,bovine trypsin,X,X,"G, K",
1143.79522,[A19B+Na]+,[C3H6O]nH2O,PPG,"Polypropylene glycol, ubiquitous polyether",X,X,"D, K",
1153.57354,[M+H]+,SSGTSYPDVLK,Peptide,bovine trypsin,X,X,"G, K",
1155.72245,[AB16+Na]+,[C24H44O6][C2H4O]n,Tween,Tween 80,X,X,"D, K",
1157.59093,[M+H]+,QGVDADINGLR,Peptide,keratin (human),X,X,"G, K",
1157.7381,[AB16+Na]+,[C24H46O6][C2H4O]n,Tween,Tween 60,X,X,"D, K",
1159.769157,[A19B+K]+,[C3H6O]nH2O,PPG,"Polypropylene glycol, ubiquitous polyether",X,X,"D, K",
1161.69663,[AB18+Na]+,[C18H34O6][C2H4O]n,Tween,Tween 20,X,X,"D, K",
1165.584782,[M+H]+,LENEIQTYR,Peptide,keratin (human),X,X,"E, G, K",
1168.581944,[M+H]+,VCcamNYVSWIK,Peptide,bovine trypsin,,X,"G, K",
1173.733015,[AB17+Na]+,[C22H42O6][C2H4O]n,Tween,Tween 40,X,X,"D, K",
1175.522381,[M+H]+,MFCAGYLEGGK,Peptide,bovine trypsin,X,X,J,
1175.63404,[M+H]+,TLDNDIMLIK,Peptide,porcine trypsin,X,X,"E, G, K",
1179.60043,[M+H]+,YEELQITAGR,Peptide,keratin (human),X,X,"E, G, K",
1179.855141,[A20B+H]+,[C3H6O]nH2O,PPG,"Polypropylene glycol, ubiquitous polyether",X,X,"D, K",
1183.61574,[M+H]+,NVEIDPEIQK,Peptide,keratin (human),X,X,"G, K",
1190.608554,[M+H]+,QVLDNLTMEK,Peptide,kereatin,X,X,E,
1191.517296,[M+H]+,MoxFCAGYLEGGK,Peptide,bovine trypsin,X,X,J,
1191.628955,[M+H]+,TLDNDIMoxLIK,Peptide,porcine trypsin,X,X,"E, G, K",
1193.61608,[M+H]+,YEELQVTVGR,Peptide,keratin (human),X,X,"G, K",
1199.748665,[AB17+Na]+,[C24H44O6][C2H4O]n,Tween,Tween 80,X,X,"D, K",
1200.571774,[M+H]+,VCcamNYVSWIK (W - oxid.),Peptide,bovine trypsin,X,X,"G, K",
1201.764315,[AB17+Na]+,[C24H46O6][C2H4O]n,Tween,Tween 60,X,X,"D, K",
1201.837085,[A20B+Na]+,[C3H6O]nH2O,PPG,"Polypropylene glycol, ubiquitous polyether",X,X,"D, K",
1203.640188,[M+H]+,TLDNDIMLIR,Peptide,trypsin-like artefact,X,X,E,
1205.722845,[AB19+Na]+,[C18H34O6][C2H4O]n,Tween,Tween 20,X,X,"D, K",
1208.61574,[M+H]+,TAAENDFVTLK,Peptide,keratin (human),X,X,"G, K",
1210.59501,[M+H]+,SSGGTSYPDVLK,Peptide,keratin (human),X,X,"G, K",
1210.59501,[M+H]+,SSGGTSYPDVLK,Peptide,bovine trypsin,X,X,"G, K",
1217.75923,[AB18+Na]+,[C22H42O6][C2H4O]n,Tween,Tween 40,X,X,"D, K",
1217.811022,[A20B+K]+,[C3H6O]nH2O,PPG,"Polypropylene glycol, ubiquitous polyether",X,X,"D, K",
1219.635103,[M+H]+,TLDNDIMoxLIR,Peptide,trypsin-like artefact,X,X,E,
1220.59059,[M+H]+,EGNEQFINAAK,Peptide,porcine trypsin,X,X,"G, K",
1225.125367,[M6-2H2O-4H+4Na+K]+,C10H7NO3,4-HCCA,"matrix cluster, hexamer, potassiated, sodiated",,X,"H, I, J",
1229.800224,[M2+H]+,C32H58N2O7S,CHAPS,3-[(3-Cholamidopropyl)dimethylammonio]-1-propanesulfonate,X,X,E,
1232.543845,[M+H]+,MFCcamAGYLEGGK,Peptide,bovine trypsin,X,X,J,
1232.5978,[M+H]+,SGGGGGGGLGSGGSIR,Peptide,keratin (human),X,X,"G, K",
1235.528725,[M+H]+,FSSSSGYGGGSSR,Peptide,keratin (human),X,X,"G, K",
1243.77488,[AB18+Na]+,[C24H44O6][C2H4O]n,Tween,Tween 80,X,X,"D, K",
1245.79053,[AB18+Na]+,[C24H46O6][C2H4O]n,Tween,Tween 60,X,X,"D, K",
1248.53876,[M+H]+,MoxFCcamAGYLEGGK,Peptide,bovine trypsin,X,X,J,
1249.74906,[AB20+Na]+,[C18H34O6][C2H4O]n,Tween,Tween 20,X,X,"D, K",
1251.709587,[M+H]+,YIPIQYVLSR,Peptide,bovine casein alpha-S1,X,X,E,
1254.6073,[M+H]+,GFSSGSAVVSGGSR,Peptide,keratin (human),X,X,"G, K",
1261.785445,[AB19+Na]+,[C22H42O6][C2H4O]n,Tween,Tween 40,X,X,"D, K",
1262.597139,[M+H]+,SLLEGEGSSGGGGR,Peptide,keratin,X,X,E,
1262.757934,[M+H]+,LLHGVATVSLPR,Peptide,trypsin-like artefact,X,X,E,
1265.63721,[M+H]+,TNAENEFVTIK,Peptide,keratin (human),X,X,"G, K",
1267.704502,[M+H]+,YLGYLEQLLR,Peptide,bovine casein alpha-S1,X,X,E,
1277.63319,[M+H]+,SDQSRLDSELK,Peptide,keratin (human),X,X,"G, K",
1277.70998,[M+H]+,LALDIEIATYR,Peptide,keratin (human),X,X,"E, G, K",
1278.585528,[M+H]+,GSCcamGIGGGIGGGSSR,Peptide,keratin,X,X,E,
1278.64369,[M+H]+,YEQLAEQNRK,Peptide,keratin (human),X,X,"G, K",
1282.669119,[M+H]+,DRVYVHPFHL,Peptide,Angiotensin standards (bovine),X,X,E,
1287.801095,[AB19+Na]+,[C24H44O6][C2H4O]n,Tween,Tween 80,X,X,"D, K",
1289.816745,[AB19+Na]+,[C24H46O6][C2H4O]n,Tween,Tween 60,X,X,"D, K",
1293.775275,[AB21+Na]+,[C18H34O6][C2H4O]n,Tween,Tween 20,X,X,"D, K",
1296.684769,[M+H]+,DRVYIHPFHL,Peptide,Angiotensin standards (human),X,X,E,
1301.658342,[M+H]+,ALEEANADLEVK,Peptide,keratin,X,X,E,
1302.701209,[M+H]+,NSKIEISELNR,Peptide,keratin (human),X,X,"G, K",
1302.71512,[M+H]+,SLDLDSIIAEVK,Peptide,keratin (human),X,X,"E, G, K",
1305.71613,[M+H]+,HLVDEPQNLIK,Peptide,bovine serum albumin (BSA),X,X,E,
1305.81166,[AB20+Na]+,[C22H42O6][C2H4O]n,Tween,Tween 40,X,X,"D, K",
1307.677636,[M+H]+,IKFEMEQNLR ,Peptide,keratin (human),X,X,"E, G, K",
1308.64302,[M+H]+,VEGNEQFISASK,Peptide,bovine trypsin,X,X,"G, K",
1308.654259,[M+H]+,NKYEDEINKR,Peptide,keratin (human),X,X,"G, K",
1315.685225,[M+H]+,DQIVDLTVGNNK,Peptide,keratin,X,X,E,
1316.724252,[M+H]+,TLDNDIMLIRL,Peptide,trypsin-like artefact,X,X,E,
1320.582825,[M+H]+,HGGGGGGFGGGGFGSR,Peptide,keratin (human),X,X,"G, K",
1323.672551,[M+H]+,IKFEMoxEQNLR ,Peptide,keratin (human),X,X,"G, K",
1329.63933,[M+H]+,NVQDAIADAEQR,Peptide,keratin (human),X,X,"G, K",
1331.82731,[AB20+Na]+,[C24H44O6][C2H4O]n,Tween,Tween 80,X,X,"D, K",
1332.719167,[M+H]+,TLDNDIMoxLIRL,Peptide,trypsin-like artefact,X,X,E,
1333.84296,[AB20+Na]+,[C24H46O6][C2H4O]n,Tween,Tween 60,X,X,"D, K",
1336.71071,[M+H]+,TAAENDFVTLKK,Peptide,keratin (human),X,X,"G, K",
1337.80149,[AB22+Na]+,[C18H34O6][C2H4O]n,Tween,Tween 20,X,X,"D, K",
1340.669241,[M+H]+,SKAEAESLYQSK,Peptide,keratin,X,X,E,
1344.675389,[M+H]+,ASLEAAIADAEQR,Peptide,keratin,X,X,E,
1349.837875,[AB21+Na]+,[C22H42O6][C2H4O]n,Tween,Tween 40,X,X,"D, K",
1350.68729,[M+H]+,IGLGGRGGSGGSYGR,Peptide,keratin,X,X,E,
1357.69579,[M+H]+,LNDLEDALQQAK,Peptide,keratin (human),X,X,"E, G, K",
1357.71825,[M+H]+,QSVEADINGLRR,Peptide,keratin (human),X,X,"G, K",
1365.63933,[M+H]+,SQYEQLAEQNR,Peptide,keratin (human),X,X,"G, K",
1366.696124,[M+H]+,RISNSTSPTSFVA,Peptide,lysyl endopeptidase (Lys-C),X,X,E,
1367.670243,[M+H]+,VFTSWTGGGAAASR,Peptide,lysyl endopeptidase (Lys-C),X,X,E,
1371.71144,[M+H]+,LNDLEEALQQAK,Peptide,keratin (human),X,X,"E, G, K",
1374.69334,[M+H]+,DLNMDNIVAEIK,Peptide,keratin (human),X,X,G,
1375.853525,[AB21+Na]+,[C24H44O6][C2H4O]n,Tween,Tween 80,X,X,"D, K",
1377.869175,[AB21+Na]+,[C24H46O6][C2H4O]n,Tween,Tween 60,X,X,"D, K",
1381.64817,[M+H]+,ALEESNYELEGK,Peptide,keratin (human),X,X,"E, G",
1381.827705,[AB23+Na]+,[C18H34O6][C2H4O]n,Tween,Tween 20,X,X,"D, K",
1383.69031,[M+H]+,SLNNQFASFIDK,Peptide,keratin (human),X,X,"E, G",
1384.729988,[M+H]+,FFVAPFPEVFGK,Peptide,bovine casein alpha-S1,X,X,E,
1390.680869,[M+H]+,QSLEASLAETEGR,Peptide,keratin,X,X,E,
1393.73217,[M+H]+,TNAENEFVTIKK,Peptide,keratin (human),X,X,"E, G",
1393.86409,[AB22+Na]+,[C22H42O6][C2H4O]n,Tween,Tween 40,X,X,"D, K",
1399.692618,[M+H]+,TVMENFVAFVDK,Peptide,bovine serum albumin (BSA),X,X,E,
1399.70048,[f+H]+,PYFESFINNLR (from THNLEPYFESFINNLR),Peptide,"keratin (human), ion-source fragment",X,X,"G, K",
1418.727424,[M+H]+,VDALNDEINFLR,Peptide,keratin,X,X,E,
1419.747825,[M+H]+,LEGLTDEINFLR,Peptide,keratin,X,X,E,
1419.79544,[M+H]+,LGLDIEIATYRR,Peptide,keratin (human),X,X,G,
1419.87974,[AB22+Na]+,[C24H44O6][C2H4O]n,Tween,Tween 80,X,X,"D, K",
1421.89539,[AB22+Na]+,[C24H46O6][C2H4O]n,Tween,Tween 60,X,X,"D, K",
1424.764477,[M+H]+,AAKIITHPNFNGN,Peptide,"porcine trypsin, methylated",X,X,J,
1425.85392,[AB24+Na]+,[C18H34O6][C2H4O]n,Tween,Tween 20,X,X,"D, K",
1433.72056,[M+H]+,LQGIVSWGSGCAQK,Peptide,bovine trypsin,X,X,G,
1434.769957,[M+H]+,IRLENEIQTYR,Peptide,keratin (human),X,X,G,
1437.890305,[AB23+Na]+,[C22H42O6][C2H4O]n,Tween,Tween 40,X,X,"D, K",
1438.74374,[M+H]+,NNQFASFIDKVR,Peptide,keratin (human),X,X,G,
1439.811761,[M+H]+,RHPEYAVSVLLR,Peptide,bovine serum albumin (BSA),X,X,E,
1442.800194,[M+H]+,LPDIFEAQIAGLR,Peptide,keratin,X,X,E,
1443.642041,[M+H]+,YICcamDNQDTISSK,Peptide,bovine serum albumin (BSA),X,X,E,
1447.7751,[M+H]+,AIGGGLSSVGGGSSTIK,Peptide,keratin (human),X,X,G,
1449.715479,[M+H]+,LQGIVSWGSGCAQK (W - oxid. I),Peptide,bovine trypsin,X,X,G,
1453.837308,[M+H]+,EVTINQSLLAPLR,Peptide,keratin,X,X,E,
1463.905955,[AB23+Na]+,[C24H44O6][C2H4O]n,Tween,Tween 80,X,X,"D, K",
1465.710394,[M+H]+,LQGIVSWGSGCAQK (W - oxid. II),Peptide,bovine trypsin,X,X,G,
1465.921605,[AB23+Na]+,[C24H46O6][C2H4O]n,Tween,Tween 60,X,X,"D, K",
1469.880135,[AB25+Na]+,[C18H34O6][C2H4O]n,Tween,Tween 20,X,X,"D, K",
1475.74888,[M+H]+,WELLQQVDTSTR,Peptide,keratin (human),X,X,"E, G",
1475.78527,[M+H]+,FLEQQNQVLQTK,Peptide,keratin (human),X,X,"E, G",
1476.805674,[M+H]+,FLEQQNKVLETK,Peptide,keratin,X,X,E,
1479.795443,[M+H]+,LGEYGFQNALIVR,Peptide,bovine serum albumin (BSA),X,X,E,
1481.91652,[AB24+Na]+,[C22H42O6][C2H4O]n,Tween,Tween 40,X,X,"D, K",
1490.742028,[M+H]+,LQGIVSWGSGCcamAQK,Peptide,bovine trypsin,X,X,G,
1491.743803,[M+H]+,WELLQQVDTSTR (W - oxid. I),Peptide,keratin (human),X,X,G,
1491.751847,[M+H]+,FYAPELLYYANK,Peptide,bovine serum albumin (BSA),X,X,E,
1493.599525,[M+H]+,DSCQGDSGGPVVCSGK ox. S-S bond,Peptide,porcine trypsin,X,X,J,
1493.734301,[M+H]+,SQYEQLAEQNRK,Peptide,keratin (human),X,X,"E, G",
1495.615175,[M+H]+,DSCQGDSGGPVVCSGK,Peptide,bovine trypsin,X,X,G,
1507.738718,[M+H]+,WELLQQVDTSTR (W - oxid. II),Peptide,keratin (human),X,X,G,
1507.93217,[AB24+Na]+,[C24H44O6][C2H4O]n,Tween,Tween 80,X,X,"D, K",
1509.94782,[AB24+Na]+,[C24H46O6][C2H4O]n,Tween,Tween 60,X,X,"D, K",
1513.90635,[AB26+Na]+,[C18H34O6][C2H4O]n,Tween,Tween 20,X,X,"D, K",
1521.75436,[M+H]+,NVVEGNEQFISASK,Peptide,bovine trypsin,X,X,G,
1522.731858,[M+H]+,LQGIVSWoxGSGCcamAQK,Peptide,bovine trypsin,X,X,G,
1525.942735,[AB25+Na]+,[C22H42O6][C2H4O]n,Tween,Tween 40,X,X,"D, K",
1549.677198,[M+H]+,SGGGGGGGGCcamGGGGGVSSLR,Peptide,keratin,X,X,E,
1551.958385,[AB25+Na]+,[C24H44O6][C2H4O]n,Tween,Tween 80,X,X,"D, K",
1553.974035,[AB25+Na]+,[C24H46O6][C2H4O]n,Tween,Tween 60,X,X,"D, K",
1557.932565,[AB27+Na]+,[C18H34O6][C2H4O]n,Tween,Tween 20,X,X,"D, K",
1566.73944,[M+H]+,LGEHNIDVLEGNEQ,Peptide,"porcine trypsin, truncated",X,X,"E, G",
1567.74274,[M+H]+,DAFLGSFLYEYSR,Peptide,bovine serum albumin (BSA),X,X,E,
1569.96895,[AB26+Na]+,[C22H42O6][C2H4O]n,Tween,Tween 40,X,X,"D, K",
1585.7584,[M+H]+,VQALEEANNDLENK,Peptide,keratin (human),X,X,"E, G",
1595.9846,[AB26+Na]+,[C24H44O6][C2H4O]n,Tween,Tween 80,X,X,"D, K",
1598.00025,[AB26+Na]+,[C24H46O6][C2H4O]n,Tween,Tween 60,X,X,"D, K",
1599.833681,[M+H]+,NKLNDLEDALQQAK,Peptide,keratin,X,X,E,
1601.95878,[AB28+Na]+,[C18H34O6][C2H4O]n,Tween,Tween 20,X,X,"D, K",
1613.995165,[AB27+Na]+,[C22H42O6][C2H4O]n,Tween,Tween 40,X,X,"D, K",
1623.885321,[M+H]+,EQFINAAKIITHPN,Peptide,"porcine trypsin, methylated",X,X,J,
1638.76566,[M+H]+,SLNNQFASFIDKVR,Peptide,keratin (human),X,X,G,
1640.010815,[AB27+Na]+,[C24H44O6][C2H4O]n,Tween,Tween 80,X,X,"D, K",
1639.937751,[M+H]+,KVPQVSTPTLVEVSR,Peptide,bovine serum albumin (BSA),X,X,E,
1642.026465,[AB27+Na]+,[C24H46O6][C2H4O]n,Tween,Tween 60,X,X,"D, K",
1645.984995,[AB29+Na]+,[C18H34O6][C2H4O]n,Tween,Tween 20,X,X,"D, K",
1657.79287,[M+H]+,SGGGFSSGSAGIINYQR,Peptide,keratin (human),X,X,"E, G",
1658.02138,[AB28+Na]+,[C22H42O6][C2H4O]n,Tween,Tween 40,X,X,"D, K",
1665.90443,[M+H]+,TKPSQARGFHPRAGR,Peptide,keratin (human),X,X,G,
1676.776227,[M+H]+,LGEDNINVVEGNEQF,Peptide,bovine trypsin,X,X,J,
1684.03703,[AB28+Na]+,[C24H44O6][C2H4O]n,Tween,Tween 80,X,X,"D, K",
1686.05268,[AB28+Na]+,[C24H46O6][C2H4O]n,Tween,Tween 60,X,X,"D, K",
1687.97011,[M+H]+,SLVNLGGSKSISISVAR,Peptide,keratin (human),X,X,G,
1690.01121,[AB30+Na]+,[C18H34O6][C2H4O]n,Tween,Tween 20,X,X,"D, K",
1702.047595,[AB29+Na]+,[C22H42O6][C2H4O]n,Tween,Tween 40,X,X,"D, K",
1707.77214,[M+H]+,GSLGGGFSSGGFSGGSFSR,Peptide,keratin (human),X,X,"E, G",
1708.713249,[M+H]+,FSSCGGGGGSFGAGGGFGSR,Peptide,keratin (human),X,X,G,
1713.80785,[M+H]+,LGEHNIDVLEGNEQF,Peptide,"porcine trypsin, truncated",X,X,"E, G",
1716.85112,[M+H]+,QISNLQQSISDAEQR,Peptide,keratin (human),X,X,"E, G",
1725.862872,[M+H]+,VCNYVSWIKQTIASN,Peptide,bovine trypsin,X,X,G,
1728.063245,[AB29+Na]+,[C24H44O6][C2H4O]n,Tween,Tween 80,X,X,"D, K",
1730.078895,[AB29+Na]+,[C24H46O6][C2H4O]n,Tween,Tween 60,X,X,"D, K",
1734.037425,[AB31+Na]+,[C18H34O6][C2H4O]n,Tween,Tween 20,X,X,"D, K",
1744.92283,[M+H]+,NNLEPILEGYISNLR,Peptide,keratin (human),X,X,G,
1746.07381,[AB30+Na]+,[C22H42O6][C2H4O]n,Tween,Tween 40,X,X,"D, K",
1757.852702,[M+H]+,VCNYVSWIKQTIASN (W - oxid.),Peptide,bovine trypsin,X,X,G,
1765.734713,[M+H]+,FSSCcamGGGGGSFGAGGGFGSR,Peptide,keratin (human),X,X,"E, G",
1772.08946,[AB30+Na]+,[C24H44O6][C2H4O]n,Tween,Tween 80,X,X,"D, K",
1774.10511,[AB30+Na]+,[C24H46O6][C2H4O]n,Tween,Tween 60,X,X,"D, K",
1774.850259,[M+H]+,IVGGYTCGANTVPY & CLK via S-S bond,Peptide,bovine trypsin,X,X,J,
1774.897,[M+H]+,NIDVLEGNEQFINAAK,Peptide,porcine trypsin,X,X,G,
1778.06364,[AB32+Na]+,[C18H34O6][C2H4O]n,Tween,Tween 20,X,X,"D, K",
1790.100025,[AB31+Na]+,[C22H42O6][C2H4O]n,Tween,Tween 40,X,X,"D, K",
1791.727715,[M+H]+,GGSGGSYGGGGSGGGYGGGSGSR,Peptide,keratin (human),X,X,"E, G",
1792.878583,[M+H]+,LEAELGNMQGLVEDFK,Peptide,keratin,X,X,E,
1797.011645,[M+H]+,NVQALEIELQSQLALK,Peptide,keratin,X,X,E,
1816.115675,[AB31+Na]+,[C24H44O6][C2H4O]n,Tween,Tween 80,X,X,"D, K",
1818.131325,[AB31+Na]+,[C24H46O6][C2H4O]n,Tween,Tween 60,X,X,"D, K",
1830.840558,[M+H]+,SDQYGRVFTSWTGGGAAA,Peptide,lysyl endopeptidase (Lys-C),X,X,E,
1834.12624,[AB32+Na]+,[C22H42O6][C2H4O]n,Tween,Tween 40,X,X,"D, K",
1837.965424,[M+H]+,HGVQELEIELQSQLSK,Peptide,keratin,X,X,E,
1838.914391,[M+H]+,SISISVAGGGGGFGAAGGFGGR,Peptide,keratin (human),X,X,G,
1847.805101,[M+H]+,SNMDNMFESYINNLR,Peptide,keratin,X,X,E,
1851.92693,[M+H]+,TLNDMRQEYEQLIAK,Peptide,keratin,X,X,E,
1860.14189,[AB32+Na]+,[C24H44O6][C2H4O]n,Tween,Tween 80,X,X,"D, K",
1862.15754,[AB32+Na]+,[C24H46O6][C2H4O]n,Tween,Tween 60,X,X,"D, K",
1940.934853,[M+H]+,LGEHNIDVLEGNEQFIN,Peptide,"porcine trypsin, truncated, methylated",X,X,"E, J",
1987.078011,[M+H]+,"TLDNDIMLIKLSSPATLN, K methylated",Peptide,"porcine trypsin, methylated",X,X,J,
1993.976657,[M+H]+,THNLEPYFESFINNLR,Peptide,keratin (human),X,X,"E, K",
1993.982532,[M+H]+,SSGGSSSVKFVSTTYSGVTR,Peptide,keratin (human),X,X,G,
2003.072926,[M+H]+,"TLDNDIMoxLIKLSSPATLN, K methylated",Peptide,"porcine trypsin, methylated",X,X,J,
2021.98868,[M+H]+,SSGGSSSVRFVSTTYSGVTR ,Peptide,keratin (human),X,X,G,
2055.014851,[M+H]+,RVLGQLHGGPSSCcamSATGTNR,Peptide,lysyl endopeptidase (Lys-C),X,X,E,
2082.964834,[M+H]+,AETECcamQNTEYQQLLDIK,Peptide,keratin,X,X,E,
2083.009081,[M+H]+,LGEHNIDVLEGNEQFINAA,Peptide,"porcine trypsin, truncated",X,X,E,
2109.012847,[M+H]+,ELQSQISDTSVVLSMDNSR,Peptide,keratin,X,X,E,
2150.077768,[M+H]+,THNLEPYFESFINNLRR,Peptide,keratin (human),X,X,K,
2155.085222,[M+H]+,IITHPNFNGNTLDNDIMLI,Peptide,"trypsin-like artefact, truncated",X,X,E,
2163.05642,[M+H]+,LGEDNINVVEGNEQFISASK,Peptide,bovine trypsin,X,X,G,
2171.024657,[M+H]+,SDLEMQYETLQEELMALK,Peptide,keratin,X,X,E,
2184.125508,[M+H]+,NKLNDLEDALQQAKEDLAR,Peptide,keratin,X,X,E,
2185.03837,[M+Na]+,LGEDNINVVEGNEQFISASK sodiated,Peptide,bovine trypsin,X,X,"G, K",
2193.002481,[M+H]+,MFCAGYLEGGK & APILSDSSCK via S-S bond,Peptide,bovine trypsin,X,X,J,
2193.994359,[M+K]+,SAYPGQITSNMFCAGYLEGGK,Peptide,bovine trypsin,X,X,"G, K",
2201.012307,[M+H]+,LGEDNINVVEGNEQFISASK potassiated,Peptide,bovine trypsin,X,X,"G, K",
2208.997396,[M+H]+,MoxFCAGYLEGGK & APILSDSSCK via S-S bond,Peptide,bovine trypsin,X,X,J,
2209.989274,[M+H]+,SAYPGQITSNMoxFCAGYLEGGK ,Peptide,bovine trypsin,X,X,"G, K",
2211.10404,[M+H]+,LGEHNIDVLEGNEQFINAAK,Peptide,porcine trypsin,X,X,"G, K",
2225.119694,[M+H]+,"LGEHNIDVLEGNEQFINAAK, K part. methylated",Peptide,porcine trypsin,X,X,"G, K",
2225.156079,[f+H]+,SIVHPSYNSNTLNNDIMoxLIK -[CH3SOH],Peptide,"bovine trypsin, ion source fragment",X,X,"G, K",
2239.135344,[M+H]+,"LGEHNIDVLEGNEQFINAAK, K methylated",Peptide,porcine trypsin,X,X,"G, K",
2240.169664,[M+H]+,ADLEFQIESLTEELAYLKK,Peptide,keratin,X,X,E,
2251.015823,[M+H]+,SAYPGQITSNMFCcamAGYLEGGK,Peptide,bovine trypsin,X,X,G,
2267.010738,[M+H]+,SAYPGQITSNMoxFCcamAGYLEGGK,Peptide,bovine trypsin,X,X,G,
2273.15944,[M+H]+,SIVHPSYNSNTLNNDIMLIK,Peptide,bovine trypsin,X,X,"G, K",
2283.18018,[M+H]+,IITHPNFNGNTLDNDIMLIK,Peptide,bovine trypsin,X,X,"G, K",
2283.18018,[M+H]+,IITHPNFNGNTLDNDIMLIK,Peptide,porcine trypsin,X,X,"G, K",
2286.12484,[M+H]+,AEAESLYQSKYEELQITAGR,Peptide,keratin (human),X,X,G,
2289.154365,[M+H]+,SIVHPSYNSNTLNNDIMoxLIK (M - oxid.),Peptide,bovine trypsin,X,X,"G, K",
2295.141394,[M+Na]+,SIVHPSYNSNTLNNDIMLIK sodiated,Peptide,bovine trypsin,X,X,"G, K",
2297.195835,[M+H]+,"IITHPNFNGNTLDNDIMLIK, K part. methylated",Peptide,"porcine trypsin, methylated",X,X,J,
2305.14928,[M+H]+,SIVHPSYNSNTLNNDIMoxoxLIK (M - 2 oxid.),Peptide,bovine trypsin,X,X,"G, K",
2311.136309,[M+Na]+,SIVHPSYNSNTLNNDIMoxLIK (M - oxid.) sodiated,Peptide,bovine trypsin,X,X,"G, K",
2321.207068,[M+H]+,LQGIVSWGSGCAQKNKPGVYTK,Peptide,bovine trypsin,X,X,"G, K",
2329.17425,[M+H]+,QISNLQQSISDAEQRGENALK,Peptide,keratin,X,X,E,
2343.189012,[M+Na]+,LQGIVSWGSGCAQKNKPGVYTK sodiated,Peptide,bovine trypsin,X,X,"G, K",
2353.196898,[M+H]+,LQGIVSWGSGCAQKNKPGVYTK (W - oxid.),Peptide,bovine trypsin,X,X,"G, K",
2367.26267,[M+H]+,NQILNLTTDNANILLQIDNAR,Peptide,keratin (human),X,X,G,
2375.178842,[M+Na]+,LQGIVSWGSGCAQKNKPGVYTK (W - oxid.) sodiated,Peptide,bovine trypsin,X,X,"G, K",
2383.951857,[M+H]+,GGGGGGYGSGGSSYGSGGGSYGSGGGGGGGR,Peptide,keratin (human),X,X,G,
2400.27441,[M+H]+,IIKHPNYSSWTLNNDIMLIK,Peptide,bovine trypsin,X,X,"G, K",
2501.067221,[M+H]+,AAFGGSGGRGSSSGGGYSSGSSSYGSGGR,Peptide,keratin (human),X,X,G,
2501.25182,[M+H]+,SKAEAESLYQSKYEELQITAGR,Peptide,keratin (human),X,X,G,
2510.13177,[M+H]+,EIETYHNLLEGGQEDFESSGAGK,Peptide,keratin (human),X,X,"E, G",
2514.33847,[M+H]+,SIVHPSYNSNTLNNDIMLIKLK,Peptide,bovine trypsin,X,X,"G, K",
2530.333392,[M+H]+,SIVHPSYNSNTLNNDIMoxLIKLK,Peptide,bovine trypsin,X,X,"G, K",
2550.232693,[M+H]+,"VASISLPTSCASAGTQCLISGWGNTK, -S-S-bond",Peptide,bovine trypsin,X,X,J,
2552.248343,[M+H]+,VASISLPTSCASAGTQCLISGWGNTK ,Peptide,bovine trypsin,X,X,J,
2564.180931,[M+H]+,"SGSHFCGGSLINSQWVVSAAHCYK, -S-S- bond",Peptide,"porcine trypsin, methylated",X,X,J,
2564.367864,[M+H]+,EVTQLRHGVQELEIELQSQLSK,Peptide,keratin,X,X,E,
2566.278381,[M+H]+,SKEEAEALYHSKYEELQVTVGR,Peptide,keratin (human),X,X,G,
2581.194729,[M+H]+,FSGECcamAPNVSVSVSTSHTTISGGGSR,Peptide,keratin,X,X,E,
2612.180931,[M+H]+,"SGYHFCGGSLINSQWVVSAAHCYK, -S-S- bond",Peptide,bovine trypsin,X,X,J,
2613.349376,[M+H]+,NKPGVYTKVCNYVSWIKQTIASN,Peptide,bovine trypsin,X,X,J,
2614.196581,[M+H]+,SGYHFCGGSLINSQWVVSAAHCYK,Peptide,bovine trypsin,X,X,J,
2666.291271,[M+H]+,VASISLPTSCcamASAGTQCcamLISGWGNTK ,Peptide,bovine trypsin,X,X,J,
2670.37084,[M+H]+,NKPGVYTKVCcamNYVSWIKQTIASN,Peptide,bovine trypsin,X,X,J,
2705.161121,[M+H]+,GGGGSFGYSYGGGSGGGFSASSLGGGFGGGSR,Peptide,keratin,X,X,E,
2707.416211,[M+H]+,IQVRLGEHNIDVLEGNEQFINAAK,Peptide,"porcine trypsin, methylated",X,X,J,
2720.363373,[M+H]+,"IVGGYTCAAN & TKSSGSSYPSLLQCLK, via S-S bond",Peptide,"porcine trypsin, methylated",X,X,J,
2728.239509,[M+H]+,SGYHFCcamGGSLINSQWVVSAAHCcamYK,Peptide,bovine trypsin,X,X,J,
2746.419248,[M+H]+,YCcamVQLSQIQAQISALEEQLQQIR,Peptide,keratin,X,X,E,
2748.394673,[M+H]+,"IVGGYTCAAN & TKSSGSSYPSLLQCLK, via S-S bond, N-term. Methyl.",Peptide,"porcine trypsin, methylated",X,X,J,
2807.314071,[M+H]+,"SGSHFCGGSLINSQWVVSAAHCYKSR, -S-S- bond",Peptide,"porcine trypsin, methylated",X,X,J,
2872.392777,[M+H]+,NVSTGDVNVEMNAAPGVDLTQLLNNMR,Peptide,keratin,X,X,E,
2902.410519,[M+H]+,NYSPYYNTIDDLKDQIVDLTVGNNK,Peptide,keratin,X,X,E,
2904.382607,[M+H]+,NVSTGDVNVEMoxNAAPGVDLTQLLNNMoxR,Peptide,keratin,X,X,E,
2914.505755,[M+H]+,"LGEHNIDVLEGNEQFINAAKIITHPN, K methylated",Peptide,"porcine trypsin, methylated",X,X,J,
2932.51632,[M+H]+,FLEQQNQVLQTKWELLQQVDTSTR,Peptide,keratin (human),X,X,G,
3211.474459,[M+H]+,SAYPGQITSNMFCAGYLEGGK & APILSDSSCK via S-S bond,Peptide,bovine trypsin,X,X,J,
3223.281588,[M+H]+,GGSGGSHGGGSGFGGESGGSYGGGEEASGSGGGYGGGSGK,Peptide,keratin,X,X,E,
3227.469374,[M+H]+,SAYPGQITSNMoxFCAGYLEGGK & APILSDSSCK via S-S bond,Peptide,bovine trypsin,X,X,J,
3312.308137,[M+H]+,GSYGSGGSSYGSGGGSYGSGGGGGGHGSYGSGSSSGGYR,Peptide,keratin (human),X,X,G,
3337.732144,[M+H]+,IITHPNFNGNTLDNDIMLIRLSSPATLNSR,Peptide,"trypsin-like artefact, truncated",X,X,E,
3346.681489,[M+H]+,"LGEHNIDVLEGNEQFINAAKIITHPNFNGN, K methylated",Peptide,"porcine trypsin, methylated",X,X,J,
3353.727059,[M+H]+,IITHPNFNGNTLDNDIMoxLIRLSSPATLNSR,Peptide,"trypsin-like artefact, truncated",X,X,E,
,,,,,,,,
26.00362,f-,CN,,Fragment from acetonitrile ,,,F,
44.9982,[M-H]-,HCOOH,,"Formic acid, FA (anion)",,,F,
59.01385,[M-H]-,CH3COOH,,"Acetic Acid, Ac (anion)",,,F,
78.95906,[M-H3O]-,H3PO4,,"Phosphoric acid (phosphate, anion) also from oligonucleotides or phosphopeptides",,,F,
79.95737,[M-H2O]-,H2SO4,,"Sulfuric acid (sulfate, anion) also from other sulfated materials",,,F,
94.98084,[M-H]-,CH3SO3H,,"Methanesulfuric acid (methanesulfonate, anion)",,,F,
96.96011,[M-H]-,H2SO4,,"Sulfuric acid (sulfate, anion)",,,F,
96.96962,[M-H]-,H3PO4,,"Phosphoric acid (phosphate, anion) also from oligonucleotides or phosphopeptides",,,F,
112.98559,[M-H]-,CF3COOH,,"Trifluoroacetic acid, TFA (anion)",,,F,
112.98563,[M2+Na-2H]-,HCOOH,,"Formic acid, dimer, FA (anion)",,,F,
126.90502,A-,I,,Iodine anion (Iodide),,,V,
162.9824,[M-H]-,CF3CF2COOH,,"Pentafluoropropionic acid, Perfluoropropionic acid",,,E,
212.07507,[M-H]-,C10H15NO2S,,n-butyl benzenesulfonamide,,,"A, K",
226.97845,[M2-H]-,CF3COOH,,"Trifluoroacetic acid, TFA (anion)",,,A,
248.9604,[M2+Na-2H]-,CF3COOH,,"Trifluoroacetic acid, TFA, sodiated (anion)",,,A,
255.23295,[M-H]-,C16H32O2,,Palmitic acid (carboxylate anion) C16:0,,,K,
281.2486,[M-H]-,C18H34O2,,Oleic acid (carboxylate anion) C18:1,,,K,
283.26425,[M-H]-,C18H36O2,,Stearic acid (carboxylate anion) 18:0,,,K,
316.7391,[63CuI+I]-,CuI,,Copper catalyst iodide adduct,,,K,
318.73729,[65CuI+I]-,CuI,,Copper catalyst iodide adduct,,,K,
